event,person_display_name -- Person.display_name,person_display_name -- Person.id,person_display_name -- Person.distinct_id,"coalesce(properties.$current_url, properties.$screen_name) -- Url / Screen",properties.$lib,timestamp
route_selected,019d7ddb-008a-77c2-9382-bd64347e4491,9de65c1b-24e6-5083-9d7b-daf312bc0b15,019d7ddb-008a-77c2-9382-bd64347e4491,https://rushhourplanner.com/,web,2026-04-11 18:43:18.379000+00:00
route_selected,019d7dc3-e53e-7f46-a753-96e092ea24f0,2ab0bb53-d2fd-51be-a577-e30767a8cecb,019d7dc3-e53e-7f46-a753-96e092ea24f0,https://rushhourplanner.com/?from=2501+Alton+Parkway%2C+Irvine%2C+CA%2C+USA&exclude=true&to=Costco+Wholesale%2C+Park+Avenue%2C+Tustin%2C+CA%2C+USA,web,2026-04-11 18:20:02.404000+00:00
route_selected,019d7dc3-e53e-7f46-a753-96e092ea24f0,2ab0bb53-d2fd-51be-a577-e30767a8cecb,019d7dc3-e53e-7f46-a753-96e092ea24f0,https://rushhourplanner.com/?from=2501+Alton+Parkway%2C+Irvine%2C+CA%2C+USA&exclude=true&to=Tustin%2C+CA%2C+USA,web,2026-04-11 18:19:51.508000+00:00
route_selected,019d7dc5-1f5c-7eac-99ed-423cf67e5291,0dec55e7-2bcf-5a74-a574-13c40a6ebb17,019d7dc5-1f5c-7eac-99ed-423cf67e5291,https://rushhourplanner.com/?from=Palm+Springs%2C+CA%2C+USA&exclude=true&to=Los+Angeles%2C+CA%2C+USA&depart=tomorrow,web,2026-04-11 18:19:44.846000+00:00
route_selected,019d7dc5-1f5c-7eac-99ed-423cf67e5291,0dec55e7-2bcf-5a74-a574-13c40a6ebb17,019d7dc5-1f5c-7eac-99ed-423cf67e5291,https://rushhourplanner.com/?from=Palm+Springs%2C+CA%2C+USA&exclude=true&to=Los+Angeles%2C+CA%2C+USA,web,2026-04-11 18:19:42.956000+00:00
route_selected,019d7dc5-1f5c-7eac-99ed-423cf67e5291,0dec55e7-2bcf-5a74-a574-13c40a6ebb17,019d7dc5-1f5c-7eac-99ed-423cf67e5291,https://rushhourplanner.com/,web,2026-04-11 18:19:24.077000+00:00
route_selected,019d7dc3-e53e-7f46-a753-96e092ea24f0,2ab0bb53-d2fd-51be-a577-e30767a8cecb,019d7dc3-e53e-7f46-a753-96e092ea24f0,https://rushhourplanner.com/?from=Irvine%2C+CA%2C+USA&exclude=true&to=Tustin%2C+CA%2C+USA,web,2026-04-11 18:19:12.549000+00:00
route_selected,019d7dc3-e53e-7f46-a753-96e092ea24f0,2ab0bb53-d2fd-51be-a577-e30767a8cecb,019d7dc3-e53e-7f46-a753-96e092ea24f0,https://rushhourplanner.com/?from=Irvine%2C+CA%2C+USA&exclude=true&to=Irvine%2C+CA%2C+USA,web,2026-04-11 18:19:08.665000+00:00
route_selected,019d7dc3-e53e-7f46-a753-96e092ea24f0,2ab0bb53-d2fd-51be-a577-e30767a8cecb,019d7dc3-e53e-7f46-a753-96e092ea24f0,https://rushhourplanner.com/?from=Irvine%2C+CA%2C+USA&exclude=true&to=Irvine%2C+CA%2C+USA,web,2026-04-11 18:18:47.543000+00:00
route_selected,019d7dc3-e53e-7f46-a753-96e092ea24f0,2ab0bb53-d2fd-51be-a577-e30767a8cecb,019d7dc3-e53e-7f46-a753-96e092ea24f0,https://rushhourplanner.com/,web,2026-04-11 18:18:33.047000+00:00
route_selected,019d7dc3-e53e-7f46-a753-96e092ea24f0,2ab0bb53-d2fd-51be-a577-e30767a8cecb,019d7dc3-e53e-7f46-a753-96e092ea24f0,https://rushhourplanner.com/,web,2026-04-11 18:18:04.858000+00:00
route_selected,019d6de4-9c80-7d62-b6b4-76f9bbf86ab6,bc431c61-20c7-594d-91d3-05ce2d7253a4,019d6de4-9c80-7d62-b6b4-76f9bbf86ab6,https://rushhourplanner.com/,web,2026-04-11 17:54:04.819000+00:00
route_selected,019d7da9-5e42-7ccb-a846-6bdda91fa6d7,683cf32f-4a0b-5e0f-ab55-0553a38fb701,019d7da9-5e42-7ccb-a846-6bdda91fa6d7,https://rushhourplanner.com/?from=Hilton+Los+Angeles%2FUniversal+City%2C+Universal+Hollywood+Drive%2C+Universal+City%2C+CA%2C+USA&exclude=true&to=Disney%27s+Grand+Californian+Hotel+%26+Spa%2C+Disneyland+Drive%2C+Anaheim%2C+CA%2C+USA&depart=next-saturday,web,2026-04-11 17:52:10.117000+00:00
route_selected,019d7da9-5e42-7ccb-a846-6bdda91fa6d7,683cf32f-4a0b-5e0f-ab55-0553a38fb701,019d7da9-5e42-7ccb-a846-6bdda91fa6d7,"https://rushhourplanner.com/?from=Hilton+Los+Angeles/Universal+City,+Universal+Hollywood+Drive,+Universal+City,+CA,+USA&exclude=true&to=Disney%27s+Grand+Californian+Hotel+%26+Spa,+Disneyland+Drive,+Anaheim,+CA,+USA&depart=next-saturday",web,2026-04-11 17:52:09.085000+00:00
route_selected,019d7dab-189c-7e01-a605-d3275a224fda,8d950575-38ac-5db6-8740-7011ed820864,019d7dab-189c-7e01-a605-d3275a224fda,https://rushhourplanner.com/?from=2114+Meredith+Ln%2C+Garland%2C+TX%2C+USA&to=1+Skyview+Drive%2C+Fort+Worth%2C+TX%2C+USA&depart=next-monday&exclude=true,web,2026-04-11 17:51:00.133000+00:00
route_selected,019d7dab-189c-7e01-a605-d3275a224fda,8d950575-38ac-5db6-8740-7011ed820864,019d7dab-189c-7e01-a605-d3275a224fda,"https://rushhourplanner.com/?from=2114+Meredith+Ln,+Garland,+TX,+USA&to=1+Skyview+Drive,+Fort+Worth,+TX,+USA&depart=next-monday",web,2026-04-11 17:50:58.802000+00:00
route_selected,019d7da9-5e42-7ccb-a846-6bdda91fa6d7,683cf32f-4a0b-5e0f-ab55-0553a38fb701,019d7da9-5e42-7ccb-a846-6bdda91fa6d7,https://rushhourplanner.com/?from=Hilton+Los+Angeles%2FUniversal+City%2C+Universal+Hollywood+Drive%2C+Universal+City%2C+CA%2C+USA&exclude=true&to=Disney%27s+Grand+Californian+Hotel+%26+Spa%2C+Disneyland+Drive%2C+Anaheim%2C+CA%2C+USA&depart=next-saturday,web,2026-04-11 17:49:37.126000+00:00
route_selected,019d7da9-5e42-7ccb-a846-6bdda91fa6d7,683cf32f-4a0b-5e0f-ab55-0553a38fb701,019d7da9-5e42-7ccb-a846-6bdda91fa6d7,https://rushhourplanner.com/?from=Hilton+Los+Angeles%2FUniversal+City%2C+Universal+Hollywood+Drive%2C+Universal+City%2C+CA%2C+USA&exclude=true&to=Disney%27s+Grand+Californian+Hotel+%26+Spa%2C+Disneyland+Drive%2C+Anaheim%2C+CA%2C+USA,web,2026-04-11 17:49:30.456000+00:00
route_selected,019d7da9-5e42-7ccb-a846-6bdda91fa6d7,683cf32f-4a0b-5e0f-ab55-0553a38fb701,019d7da9-5e42-7ccb-a846-6bdda91fa6d7,https://rushhourplanner.com/,web,2026-04-11 17:49:04.423000+00:00
route_selected,019d7d9e-06be-7722-8358-aa517af97755,365cacc3-f607-559a-838c-3bf68ea5b405,019d7d9e-06be-7722-8358-aa517af97755,https://rushhourplanner.com/,web,2026-04-11 17:42:10.980000+00:00
route_selected,019d2129-98cd-7a99-b004-aa96a7501189,1464ce88-6f6b-5ebd-8c2d-57d8fa5a6885,019d2129-98cd-7a99-b004-aa96a7501189,"https://rushhourplanner.com/?from=425+S+Catalina+Ave,+Redondo+Beach,+CA+90277,+USA&exclude=true&to=23801+Calabasas+Rd,+Calabasas,+CA+91302,+USA",web,2026-04-11 17:40:10.885000+00:00
route_selected,019d7d9e-06be-7722-8358-aa517af97755,365cacc3-f607-559a-838c-3bf68ea5b405,019d7d9e-06be-7722-8358-aa517af97755,https://rushhourplanner.com/?from=28+Madison+Street%2C+Lynbrook%2C+NY%2C+USA&exclude=true&to=Courtyard+by+Marriott+Charlotte+Airport+LoSo%2C+West+Woodlawn+Road%2C+Charlotte%2C+NC%2C+USA&depart=next-friday,web,2026-04-11 17:38:53.596000+00:00
route_selected,019d7d9e-06be-7722-8358-aa517af97755,365cacc3-f607-559a-838c-3bf68ea5b405,019d7d9e-06be-7722-8358-aa517af97755,https://rushhourplanner.com/?from=28+Madison+Street%2C+Lynbrook%2C+NY%2C+USA&exclude=true&to=Courtyard+by+Marriott+Charlotte+Airport+LoSo%2C+West+Woodlawn+Road%2C+Charlotte%2C+NC%2C+USA,web,2026-04-11 17:38:42.356000+00:00
route_selected,019d7d9e-06be-7722-8358-aa517af97755,365cacc3-f607-559a-838c-3bf68ea5b405,019d7d9e-06be-7722-8358-aa517af97755,https://rushhourplanner.com/,web,2026-04-11 17:36:40.805000+00:00
route_selected,019cb142-5cb8-778a-b079-59565bd6d2b8,19bc1f9c-eed3-57df-a10a-652a8e68d2f6,019cb142-5cb8-778a-b079-59565bd6d2b8,https://rushhourplanner.com/?from=282+Amethyst+Circle%2C+Gardena%2C+CA%2C+USA&exclude=true&to=Photo+Booth+Museum+by+Photomatica+Los+Angeles%2C+Sunset+Boulevard%2C+Los+Angeles%2C+CA%2C+USA,web,2026-04-11 17:35:13.719000+00:00
route_selected,019d7d9a-9119-7ea2-a07b-a4ca69f823a6,ec2847ef-5d6e-5ec4-a6aa-a221b4b4fece,019d7d9a-9119-7ea2-a07b-a4ca69f823a6,https://rushhourplanner.com/?to=San+Bernardino%2C+CA%2C+USA&exclude=true&from=Jurupa+Valley%2C+CA%2C+USA,web,2026-04-11 17:33:20.086000+00:00
route_selected,019d7d9a-9119-7ea2-a07b-a4ca69f823a6,ec2847ef-5d6e-5ec4-a6aa-a221b4b4fece,019d7d9a-9119-7ea2-a07b-a4ca69f823a6,https://rushhourplanner.com/,web,2026-04-11 17:32:55.027000+00:00
route_selected,019cb142-5cb8-778a-b079-59565bd6d2b8,19bc1f9c-eed3-57df-a10a-652a8e68d2f6,019cb142-5cb8-778a-b079-59565bd6d2b8,https://rushhourplanner.com/,web,2026-04-11 17:32:44.297000+00:00
route_selected,019d6de4-9c80-7d62-b6b4-76f9bbf86ab6,bc431c61-20c7-594d-91d3-05ce2d7253a4,019d6de4-9c80-7d62-b6b4-76f9bbf86ab6,https://rushhourplanner.com/,web,2026-04-11 17:32:15.423000+00:00
route_selected,019d7d3c-ddae-730a-a2ff-40726c4f715b,162be57f-8801-5fc2-b402-552e96ffbf95,019d7d3c-ddae-730a-a2ff-40726c4f715b,https://rushhourplanner.com/,web,2026-04-11 16:49:14.863000+00:00
route_selected,019d7d64-fa02-785e-a703-a796fb328ca7,eec32348-6358-5bb0-9b8a-711db6e67916,019d7d64-fa02-785e-a703-a796fb328ca7,https://rushhourplanner.com/?exclude=true&depart=next-monday&from=1078+Classic+Road%2C+Apex%2C+NC%2C+USA&to=716+Mabry+Mill+Rd%2C+Henderson%2C+NC%2C+USA,web,2026-04-11 16:36:33.093000+00:00
route_selected,019d7d64-fa02-785e-a703-a796fb328ca7,eec32348-6358-5bb0-9b8a-711db6e67916,019d7d64-fa02-785e-a703-a796fb328ca7,https://rushhourplanner.com/?exclude=true&depart=next-monday&from=716+Mabry+Mill+Rd%2C+Henderson%2C+NC%2C+USA&to=1078+Classic+Road%2C+Apex%2C+NC%2C+USA,web,2026-04-11 16:35:39.451000+00:00
route_selected,019d7d64-fa02-785e-a703-a796fb328ca7,eec32348-6358-5bb0-9b8a-711db6e67916,019d7d64-fa02-785e-a703-a796fb328ca7,https://rushhourplanner.com/?exclude=true&to=Apex%2C+N.C.%2C+USA&depart=next-monday&from=716+Mabry+Mill+Rd%2C+Henderson%2C+NC%2C+USA,web,2026-04-11 16:35:30.823000+00:00
route_selected,019d7d64-fa02-785e-a703-a796fb328ca7,eec32348-6358-5bb0-9b8a-711db6e67916,019d7d64-fa02-785e-a703-a796fb328ca7,https://rushhourplanner.com/?from=Henderson%2C+NC%2C+USA&exclude=true&to=Apex%2C+N.C.%2C+USA&depart=next-monday,web,2026-04-11 16:34:44.462000+00:00
route_selected,019d7d64-fa02-785e-a703-a796fb328ca7,eec32348-6358-5bb0-9b8a-711db6e67916,019d7d64-fa02-785e-a703-a796fb328ca7,https://rushhourplanner.com/?from=Henderson%2C+NC%2C+USA&exclude=true&to=Apex%2C+N.C.%2C+USA,web,2026-04-11 16:34:39.150000+00:00
route_selected,019d7d64-fa02-785e-a703-a796fb328ca7,eec32348-6358-5bb0-9b8a-711db6e67916,019d7d64-fa02-785e-a703-a796fb328ca7,https://rushhourplanner.com/,web,2026-04-11 16:34:22.952000+00:00
route_selected,019d5203-ab40-7ad2-ab54-0a1c49d5ebbd,b58aaf8d-d4e1-51a6-9a47-593b2db9fe32,019d5203-ab40-7ad2-ab54-0a1c49d5ebbd,https://rushhourplanner.com/,web,2026-04-11 16:16:26.323000+00:00
route_selected,019d7d4c-3d4c-7c19-a829-b1f70fb51f6b,a982cbc5-73c3-5c00-ad86-ec7afd1e16d0,019d7d4c-3d4c-7c19-a829-b1f70fb51f6b,"https://rushhourplanner.com/?from=Fort+Lauderdale,+FL,+USA&exclude=true&to=Miami,+FL,+USA",web,2026-04-11 16:07:23.006000+00:00
route_selected,019d7d4c-3d4c-7c19-a829-b1f70fb51f6b,a982cbc5-73c3-5c00-ad86-ec7afd1e16d0,019d7d4c-3d4c-7c19-a829-b1f70fb51f6b,"https://rushhourplanner.com/?from=Fort+Lauderdale,+FL,+USA&exclude=true&to=Miami,+FL,+USA",web,2026-04-11 16:07:21.723000+00:00
route_selected,019d7d43-c766-7a97-9697-0698e2df91a7,69f6be9b-8ee4-57e3-b0f1-9cb4a7a441d0,019d7d43-c766-7a97-9697-0698e2df91a7,https://rushhourplanner.com/?exclude=true&from=San+Diego+International+Airport+%28SAN%29%2C+Harbor+Island+Drive%2C+San+Diego%2C+CA%2C+USA&to=Hilton+La+Jolla+Torrey+Pines%2C+North+Torrey+Pines+Road%2C+La+Jolla%2C+CA%2C+USA&depart=next-monday,web,2026-04-11 15:58:26.587000+00:00
route_selected,019d7d43-c766-7a97-9697-0698e2df91a7,69f6be9b-8ee4-57e3-b0f1-9cb4a7a441d0,019d7d43-c766-7a97-9697-0698e2df91a7,https://rushhourplanner.com/?exclude=true&from=San+Diego+International+Airport+%28SAN%29%2C+Harbor+Island+Drive%2C+San+Diego%2C+CA%2C+USA&to=Hilton+La+Jolla+Torrey+Pines%2C+North+Torrey+Pines+Road%2C+La+Jolla%2C+CA%2C+USA,web,2026-04-11 15:58:23.715000+00:00
route_selected,019d7d43-c766-7a97-9697-0698e2df91a7,69f6be9b-8ee4-57e3-b0f1-9cb4a7a441d0,019d7d43-c766-7a97-9697-0698e2df91a7,https://rushhourplanner.com/,web,2026-04-11 15:58:07.324000+00:00
route_selected,019d7d3c-ddae-730a-a2ff-40726c4f715b,162be57f-8801-5fc2-b402-552e96ffbf95,019d7d3c-ddae-730a-a2ff-40726c4f715b,https://rushhourplanner.com/,web,2026-04-11 15:50:34.236000+00:00
route_selected,019d7d34-1726-7255-b38f-e58b09156123,9a0e884a-a329-5db5-b615-5176a72c5c72,019d7d34-1726-7255-b38f-e58b09156123,https://rushhourplanner.com/?from=2271+East+Century+Boulevard%2C+Los+Angeles%2C+CA%2C+USA&exclude=true&to=Yaamava%27+Resort+%26+Casino%2C+San+Manuel+Boulevard+South%2C+Highland%2C+CA%2C+USA,web,2026-04-11 15:41:20.402000+00:00
route_selected,019d7d34-1726-7255-b38f-e58b09156123,9a0e884a-a329-5db5-b615-5176a72c5c72,019d7d34-1726-7255-b38f-e58b09156123,https://rushhourplanner.com/,web,2026-04-11 15:40:58.980000+00:00
route_selected,019d7d2d-7dd3-7128-a81b-a3f5832e7c8a,e9dfd938-08c2-5659-bd1b-50abf2d31427,019d7d2d-7dd3-7128-a81b-a3f5832e7c8a,https://rushhourplanner.com/?from=12+Captain+John+Jacobs+Rd%2C+East+Providence%2C+RI+02914%2C+USA&exclude=true&to=656+Warner+Boulevard%2C+Taunton%2C+MA%2C+USA&depart=next-monday,web,2026-04-11 15:33:59.057000+00:00
route_selected,019d7d2d-7dd3-7128-a81b-a3f5832e7c8a,e9dfd938-08c2-5659-bd1b-50abf2d31427,019d7d2d-7dd3-7128-a81b-a3f5832e7c8a,https://rushhourplanner.com/?from=12+Captain+John+Jacobs+Rd%2C+East+Providence%2C+RI+02914%2C+USA&exclude=true&to=656+Warner+Boulevard%2C+Taunton%2C+MA%2C+USA,web,2026-04-11 15:33:56.803000+00:00
route_selected,019d7d2d-7dd3-7128-a81b-a3f5832e7c8a,e9dfd938-08c2-5659-bd1b-50abf2d31427,019d7d2d-7dd3-7128-a81b-a3f5832e7c8a,https://rushhourplanner.com/,web,2026-04-11 15:33:46.712000+00:00
route_selected,019d792c-b0ed-7bba-b623-feadfa7df4aa,71e179d3-8d2f-5949-bdd8-c1ee88cfad41,019d792c-b0ed-7bba-b623-feadfa7df4aa,https://rushhourplanner.com/,web,2026-04-11 15:28:55.758000+00:00
route_selected,019d7ba5-d9bd-7bb6-9c92-684a1d3eaab1,aff9ac0c-8af1-5862-a682-c3c48a476cd6,019d7ba5-d9bd-7bb6-9c92-684a1d3eaab1,"https://rushhourplanner.com/?exclude=true&from=Santa+Maria,+CA,+USA&to=San+Diego,+CA,+USA",web,2026-04-11 15:19:21.370000+00:00
route_selected,019d7ba5-d9bd-7bb6-9c92-684a1d3eaab1,aff9ac0c-8af1-5862-a682-c3c48a476cd6,019d7ba5-d9bd-7bb6-9c92-684a1d3eaab1,"https://rushhourplanner.com/?exclude=true&from=Santa+Maria,+CA,+USA&to=San+Diego,+CA,+USA",web,2026-04-11 15:19:18.819000+00:00
route_selected,019d7d14-e9f0-794c-9d50-e5080019fc56,42b7d5f1-c375-5bdb-a3fa-d359550decda,019d7d14-e9f0-794c-9d50-e5080019fc56,https://rushhourplanner.com/?from=Santa+Monica%2C+CA%2C+USA&exclude=true&to=Santa+Barbara%2C+CA%2C+USA&depart=next-tuesday,web,2026-04-11 15:07:37.447000+00:00
route_selected,019d7d14-e9f0-794c-9d50-e5080019fc56,42b7d5f1-c375-5bdb-a3fa-d359550decda,019d7d14-e9f0-794c-9d50-e5080019fc56,https://rushhourplanner.com/?from=Santa+Monica%2C+CA%2C+USA&exclude=true&to=Santa+Barbara%2C+CA%2C+USA&depart=next-monday,web,2026-04-11 15:07:34.999000+00:00
route_selected,019d7d14-e9f0-794c-9d50-e5080019fc56,42b7d5f1-c375-5bdb-a3fa-d359550decda,019d7d14-e9f0-794c-9d50-e5080019fc56,https://rushhourplanner.com/?from=Santa+Monica%2C+CA%2C+USA&exclude=true&to=Santa+Barbara%2C+CA%2C+USA,web,2026-04-11 15:07:12.812000+00:00
route_selected,019d7d14-e9f0-794c-9d50-e5080019fc56,42b7d5f1-c375-5bdb-a3fa-d359550decda,019d7d14-e9f0-794c-9d50-e5080019fc56,https://rushhourplanner.com/,web,2026-04-11 15:06:55.902000+00:00
route_selected,019d7d13-c9bd-7b64-b642-e6c0433add1f,1c08c797-e872-5177-a6ce-14a82bd00a11,019d7d13-c9bd-7b64-b642-e6c0433add1f,https://rushhourplanner.com/?from=405+Lariat+Trail%2C+McGregor%2C+TX%2C+USA&exclude=true&to=DFW+Rental+Car+Return%2C+South+Garage+Drive%2C+Dallas%2C+TX%2C+USA&depart=next-friday,web,2026-04-11 15:06:29.382000+00:00
route_selected,019d7d13-c9bd-7b64-b642-e6c0433add1f,1c08c797-e872-5177-a6ce-14a82bd00a11,019d7d13-c9bd-7b64-b642-e6c0433add1f,https://rushhourplanner.com/?from=405+Lariat+Trail%2C+McGregor%2C+TX%2C+USA&exclude=true&to=DFW+Rental+Car+Return%2C+South+Garage+Drive%2C+Dallas%2C+TX%2C+USA&depart=next-monday,web,2026-04-11 15:06:20.625000+00:00
route_selected,019d7942-59a9-7d63-8fcf-b32843d48b41,014bdc5f-9db2-5d64-82ea-d90463087e6d,019d7942-59a9-7d63-8fcf-b32843d48b41,https://rushhourplanner.com/?from=4053+Overture+Circle%2C+Bradenton%2C+FL%2C+USA&exclude=true&to=Nashville%2C+TN%2C+USA&depart=next-tuesday,web,2026-04-11 15:06:10.494000+00:00
route_selected,019d7d13-c9bd-7b64-b642-e6c0433add1f,1c08c797-e872-5177-a6ce-14a82bd00a11,019d7d13-c9bd-7b64-b642-e6c0433add1f,https://rushhourplanner.com/?from=405+Lariat+Trail%2C+McGregor%2C+TX%2C+USA&exclude=true&to=DFW+Rental+Car+Return%2C+South+Garage+Drive%2C+Dallas%2C+TX%2C+USA,web,2026-04-11 15:06:09.423000+00:00
route_selected,019d7942-59a9-7d63-8fcf-b32843d48b41,014bdc5f-9db2-5d64-82ea-d90463087e6d,019d7942-59a9-7d63-8fcf-b32843d48b41,"https://rushhourplanner.com/?from=4053+Overture+Circle,+Bradenton,+FL,+USA&exclude=true&to=Nashville,+TN,+USA&depart=next-tuesday",web,2026-04-11 15:06:07.608000+00:00
route_selected,019d7d13-c9bd-7b64-b642-e6c0433add1f,1c08c797-e872-5177-a6ce-14a82bd00a11,019d7d13-c9bd-7b64-b642-e6c0433add1f,https://rushhourplanner.com/,web,2026-04-11 15:05:42.137000+00:00
route_selected,019d7d07-1c1e-7ca6-8eaa-0418e5b69939,ad11e74c-0b99-5aad-be6b-ee366528b459,019d7d07-1c1e-7ca6-8eaa-0418e5b69939,https://rushhourplanner.com/,web,2026-04-11 14:51:35.475000+00:00
route_selected,019d7d04-999a-7a81-a3b2-0babb489db3b,f9722a30-64c6-5d61-86ea-4a0291a4b8a3,019d7d04-999a-7a81-a3b2-0babb489db3b,https://rushhourplanner.com/?from=Cumming%2C+GA%2C+USA&to=Midtown+Atlanta%2C+Atlanta%2C+GA%2C+USA&depart=next-tuesday&exclude=true,web,2026-04-11 14:49:07.647000+00:00
route_selected,019d7d04-999a-7a81-a3b2-0babb489db3b,f9722a30-64c6-5d61-86ea-4a0291a4b8a3,019d7d04-999a-7a81-a3b2-0babb489db3b,"https://rushhourplanner.com/?from=Cumming,+GA,+USA&to=Midtown+Atlanta,+Atlanta,+GA,+USA&depart=next-tuesday&exclude=true",web,2026-04-11 14:49:06.791000+00:00
route_selected,019d7cef-2fa9-7016-97a8-10065a8bd78c,446f7578-de98-5ab9-9ef3-c0edf3389066,019d7cef-2fa9-7016-97a8-10065a8bd78c,https://rushhourplanner.com/?from=8+Quaker+Dr%2C+West+Warwick%2C+RI+02893&exclude=true&to=165+Dillabur+Ave%2C+North+Kingstown%2C+RI+02852,web,2026-04-11 14:36:28.412000+00:00
route_selected,019d7cf7-e7ee-7895-a095-06d667e992c1,e66ce0d3-1ee1-5085-a77c-42ea94355589,019d7cf7-e7ee-7895-a095-06d667e992c1,https://rushhourplanner.com/?from=Florida+State+Fairgrounds%2C+U.S.+301%2C+Tampa%2C+FL%2C+USA&exclude=true&depart=next-monday&to=Zephyrhills%2C+FL%2C+USA,web,2026-04-11 14:35:15.619000+00:00
route_selected,019d7cf7-e7ee-7895-a095-06d667e992c1,e66ce0d3-1ee1-5085-a77c-42ea94355589,019d7cf7-e7ee-7895-a095-06d667e992c1,"https://rushhourplanner.com/?from=Florida+State+Fairgrounds,+U.S.+301,+Tampa,+FL,+USA&exclude=true&depart=next-monday&to=Zephyrhills,+FL,+USA",web,2026-04-11 14:35:14.944000+00:00
route_selected,019d7cf1-6dcf-7589-9e89-1a0955ab6660,cc0b880d-4790-53be-8103-d22d84825777,019d7cf1-6dcf-7589-9e89-1a0955ab6660,https://rushhourplanner.com/?from=2114+Meredith+Ln%2C+Garland%2C+TX%2C+USA&exclude=true&to=1+Skyview+Drive%2C+Fort+Worth%2C+TX%2C+USA&depart=next-monday,web,2026-04-11 14:28:38.639000+00:00
route_selected,019d7cf1-6dcf-7589-9e89-1a0955ab6660,cc0b880d-4790-53be-8103-d22d84825777,019d7cf1-6dcf-7589-9e89-1a0955ab6660,https://rushhourplanner.com/?from=2114+Meredith+Ln%2C+Garland%2C+TX%2C+USA&exclude=true&to=1+Skyview+Drive%2C+Fort+Worth%2C+TX%2C+USA,web,2026-04-11 14:28:34.972000+00:00
route_selected,019d7cf1-6dcf-7589-9e89-1a0955ab6660,cc0b880d-4790-53be-8103-d22d84825777,019d7cf1-6dcf-7589-9e89-1a0955ab6660,https://rushhourplanner.com/,web,2026-04-11 14:28:10.401000+00:00
route_selected,019d7cef-2fa9-7016-97a8-10065a8bd78c,446f7578-de98-5ab9-9ef3-c0edf3389066,019d7cef-2fa9-7016-97a8-10065a8bd78c,https://rushhourplanner.com/?from=8+Quaker+Dr%2C+West+Warwick%2C+RI+02893&exclude=true&to=165+Dillabur+Ave%2C+North+Kingstown%2C+RI+02852,web,2026-04-11 14:25:57.700000+00:00
route_selected,019d7cef-2fa9-7016-97a8-10065a8bd78c,446f7578-de98-5ab9-9ef3-c0edf3389066,019d7cef-2fa9-7016-97a8-10065a8bd78c,https://rushhourplanner.com/,web,2026-04-11 14:25:45.500000+00:00
route_selected,019d7239-9e4c-7f8d-abfb-a5896520b4a0,4c3c4b4e-8591-58a0-83c9-7ce8a7b76001,019d7239-9e4c-7f8d-abfb-a5896520b4a0,"https://rushhourplanner.com/?from=Mission+Viejo,+CA,+USA&to=Santa+Clarita,+CA,+USA",web,2026-04-11 13:27:02.880000+00:00
route_selected,019d7239-9e4c-7f8d-abfb-a5896520b4a0,4c3c4b4e-8591-58a0-83c9-7ce8a7b76001,019d7239-9e4c-7f8d-abfb-a5896520b4a0,"https://rushhourplanner.com/?from=Mission+Viejo,+CA,+USA&to=Santa+Clarita,+CA,+USA",web,2026-04-11 13:26:59.829000+00:00
route_selected,019d7c93-1226-72f2-866e-d8aad125bfcd,eb880a4a-6084-5d09-865b-36a3d0b7a195,019d7c93-1226-72f2-866e-d8aad125bfcd,https://rushhourplanner.com/,web,2026-04-11 12:49:33.379000+00:00
route_selected,019d7c65-7424-799b-b5e4-fb1fbace8516,a3112e31-de07-5d0b-8508-aec012e22f34,019d7c65-7424-799b-b5e4-fb1fbace8516,https://rushhourplanner.com/,web,2026-04-11 11:55:17.171000+00:00
route_selected,019d60ba-5f57-7c1c-bcd6-b52bdad1170c,fd287d19-e747-5d2c-8858-f75960a3a7ff,019d60ba-5f57-7c1c-bcd6-b52bdad1170c,https://rushhourplanner.com/?from=Cumming%2C+GA%2C+USA&to=Midtown+Atlanta%2C+Atlanta%2C+GA%2C+USA&depart=next-tuesday&exclude=true,web,2026-04-11 11:45:53.642000+00:00
route_selected,019d60ba-5f57-7c1c-bcd6-b52bdad1170c,fd287d19-e747-5d2c-8858-f75960a3a7ff,019d60ba-5f57-7c1c-bcd6-b52bdad1170c,"https://rushhourplanner.com/?from=Cumming,+GA,+USA&to=Midtown+Atlanta,+Atlanta,+GA,+USA&depart=next-tuesday&exclude=true",web,2026-04-11 11:45:51.853000+00:00
route_selected,019cda4f-e7df-7981-aafd-afa85122b8b3,6851b9f2-d59f-5ec6-9cd5-0a2b999f175e,019cda4f-e7df-7981-aafd-afa85122b8b3,"https://rushhourplanner.com/?from=110571+meads+ave+orange+ca&to=1+World+Wy,+Los+Angeles,+CA+90045,+USA",web,2026-04-11 11:29:21.951000+00:00
route_selected,019cda4f-e7df-7981-aafd-afa85122b8b3,6851b9f2-d59f-5ec6-9cd5-0a2b999f175e,019cda4f-e7df-7981-aafd-afa85122b8b3,"https://rushhourplanner.com/?from=110571+meads+ave+orange+ca&to=1+World+Wy,+Los+Angeles,+CA+90045,+USA",web,2026-04-11 11:29:20.274000+00:00
route_selected,019d7c4a-7750-7ccc-a20f-667d15155d94,c699c0de-fa73-5441-bf2f-7232a519f1f8,019d7c4a-7750-7ccc-a20f-667d15155d94,https://rushhourplanner.com/?from=Acushnet%2C+MA%2C+USA&exclude=true&to=Billerica%2C+MA%2C+USA,web,2026-04-11 11:26:14.021000+00:00
route_selected,019d7c4a-7750-7ccc-a20f-667d15155d94,c699c0de-fa73-5441-bf2f-7232a519f1f8,019d7c4a-7750-7ccc-a20f-667d15155d94,https://rushhourplanner.com/,web,2026-04-11 11:25:46.356000+00:00
route_selected,019d7c43-7528-7a3c-a03d-ade6432ce14b,34bdfa69-0048-59de-b191-6ce121ebe453,019d7c43-7528-7a3c-a03d-ade6432ce14b,https://rushhourplanner.com/?from=Florida+State+Fairgrounds%2C+U.S.+301%2C+Tampa%2C+FL%2C+USA&exclude=true&depart=next-monday&to=Zephyrhills%2C+FL%2C+USA,web,2026-04-11 11:18:09.810000+00:00
route_selected,019d7c43-7528-7a3c-a03d-ade6432ce14b,34bdfa69-0048-59de-b191-6ce121ebe453,019d7c43-7528-7a3c-a03d-ade6432ce14b,"https://rushhourplanner.com/?from=Florida+State+Fairgrounds,+U.S.+301,+Tampa,+FL,+USA&exclude=true&depart=next-monday&to=Zephyrhills,+FL,+USA",web,2026-04-11 11:18:09+00:00
route_selected,019d7c43-5113-7076-a2fc-daad4edeee4c,cc633eac-813c-547f-9f20-4e4c72d382f8,019d7c43-5113-7076-a2fc-daad4edeee4c,https://rushhourplanner.com/?from=Florida+State+Fairgrounds%2C+U.S.+301%2C+Tampa%2C+FL%2C+USA&exclude=true&depart=next-monday&to=Zephyrhills%2C+FL%2C+USA,web,2026-04-11 11:18:00.762000+00:00
route_selected,019d7c43-5113-7076-a2fc-daad4edeee4c,cc633eac-813c-547f-9f20-4e4c72d382f8,019d7c43-5113-7076-a2fc-daad4edeee4c,"https://rushhourplanner.com/?from=Florida+State+Fairgrounds,+U.S.+301,+Tampa,+FL,+USA&exclude=true&depart=next-monday&to=Zephyrhills,+FL,+USA",web,2026-04-11 11:17:59.867000+00:00
route_selected,019d7c17-02a2-7f8f-aa2f-b1f21844e4d4,8cfcffd5-4b12-5ea8-9438-1f54cf890858,019d7c17-02a2-7f8f-aa2f-b1f21844e4d4,https://rushhourplanner.com/,web,2026-04-11 10:29:35.042000+00:00
route_selected,019d7bdc-e416-708d-ab04-aa66634d07a5,f4828845-7ee4-5158-b565-e4b3ca7492b4,019d7bdc-e416-708d-ab04-aa66634d07a5,https://rushhourplanner.com/,web,2026-04-11 09:26:07.307000+00:00
route_selected,019d7bc1-0f93-7d3b-8b46-369eaa774169,dc43fa99-4e94-512a-ab68-713b12cac45e,019d7bc1-0f93-7d3b-8b46-369eaa774169,https://rushhourplanner.com/,web,2026-04-11 08:55:49.677000+00:00
route_selected,019d7bb2-3744-7d8b-9915-a7f3d3525a01,c660b12e-1a67-54e2-ad69-2a8f8473c82a,019d7bb2-3744-7d8b-9915-a7f3d3525a01,https://rushhourplanner.com/?from=1555+Cullen+Blvd%2C+Pearland%2C+TX+77581&exclude=true&to=Neighbors+Emergency+Center%3A+Pearland+Emergency+Room%2C+West+Broadway+Street%2C+Pearland%2C+TX%2C+USA&depart=next-tuesday,web,2026-04-11 08:39:42.489000+00:00
route_selected,019d7bb2-3744-7d8b-9915-a7f3d3525a01,c660b12e-1a67-54e2-ad69-2a8f8473c82a,019d7bb2-3744-7d8b-9915-a7f3d3525a01,https://rushhourplanner.com/?from=1555+Cullen+Blvd%2C+Pearland%2C+TX+77581&exclude=true&to=Neighbors+Emergency+Center%3A+Pearland+Emergency+Room%2C+West+Broadway+Street%2C+Pearland%2C+TX%2C+USA,web,2026-04-11 08:39:39.543000+00:00
route_selected,019d7bb2-3744-7d8b-9915-a7f3d3525a01,c660b12e-1a67-54e2-ad69-2a8f8473c82a,019d7bb2-3744-7d8b-9915-a7f3d3525a01,https://rushhourplanner.com/,web,2026-04-11 08:39:30.539000+00:00
route_selected,019d7ba6-b74c-7edf-89ec-5f7fc16191ea,c4b46843-7f33-5359-a592-30afed01ead9,019d7ba6-b74c-7edf-89ec-5f7fc16191ea,https://rushhourplanner.com/?from=Orangeville%2C+ON%2C+Canada&exclude=true&to=306+Lee+Avenue%2C+Toronto%2C+ON%2C+Canada,web,2026-04-11 08:27:31.129000+00:00
route_selected,019d7ba6-b74c-7edf-89ec-5f7fc16191ea,c4b46843-7f33-5359-a592-30afed01ead9,019d7ba6-b74c-7edf-89ec-5f7fc16191ea,https://rushhourplanner.com/,web,2026-04-11 08:26:56.778000+00:00
route_selected,019d7ba5-d9bd-7bb6-9c92-684a1d3eaab1,aff9ac0c-8af1-5862-a682-c3c48a476cd6,019d7ba5-d9bd-7bb6-9c92-684a1d3eaab1,https://rushhourplanner.com/?exclude=true&from=Santa+Maria%2C+CA%2C+USA&to=San+Diego%2C+CA%2C+USA,web,2026-04-11 08:26:20.756000+00:00
route_selected,019d7ba5-d9bd-7bb6-9c92-684a1d3eaab1,aff9ac0c-8af1-5862-a682-c3c48a476cd6,019d7ba5-d9bd-7bb6-9c92-684a1d3eaab1,https://rushhourplanner.com/,web,2026-04-11 08:26:00.112000+00:00
route_selected,019d7b8c-2202-762d-984d-b4a25327d322,24623fd2-7a9b-5b19-9096-a3ca5d66c165,019d7b8c-2202-762d-984d-b4a25327d322,https://rushhourplanner.com/?from=8525+Polaris+Avenue%2C+Bakersfield%2C+CA%2C+USA&exclude=true&to=18111+Nordhoff+Street%2C+Northridge%2C+CA%2C+USA&depart=tomorrow,web,2026-04-11 07:59:00.368000+00:00
route_selected,019d7b8c-2202-762d-984d-b4a25327d322,24623fd2-7a9b-5b19-9096-a3ca5d66c165,019d7b8c-2202-762d-984d-b4a25327d322,https://rushhourplanner.com/?from=8525+Polaris+Avenue%2C+Bakersfield%2C+CA%2C+USA&exclude=true&to=18111+Nordhoff+Street%2C+Northridge%2C+CA%2C+USA,web,2026-04-11 07:58:21.011000+00:00
route_selected,019d7b8c-2202-762d-984d-b4a25327d322,24623fd2-7a9b-5b19-9096-a3ca5d66c165,019d7b8c-2202-762d-984d-b4a25327d322,https://rushhourplanner.com/,web,2026-04-11 07:57:54.658000+00:00
route_selected,019d7b3a-203b-7c8a-ad5e-d1bb856c2a04,560053fa-b6ea-5b9b-96dd-83f32d6e6496,019d7b3a-203b-7c8a-ad5e-d1bb856c2a04,https://rushhourplanner.com/?from=Newbury+Park%2C+Thousand+Oaks%2C+CA%2C+USA&exclude=true&to=Segerstrom+High+School%2C+West+MacArthur+Boulevard%2C+Santa+Ana%2C+CA%2C+USA&depart=tomorrow,web,2026-04-11 07:52:57.611000+00:00
route_selected,019d7b3a-203b-7c8a-ad5e-d1bb856c2a04,560053fa-b6ea-5b9b-96dd-83f32d6e6496,019d7b3a-203b-7c8a-ad5e-d1bb856c2a04,https://rushhourplanner.com/?from=Newbury+Park%2C+Thousand+Oaks%2C+CA%2C+USA&exclude=true&to=Segerstrom+High+School%2C+West+MacArthur+Boulevard%2C+Santa+Ana%2C+CA%2C+USA&depart=tomorrow,web,2026-04-11 07:49:26.230000+00:00
route_selected,019d7b3a-203b-7c8a-ad5e-d1bb856c2a04,560053fa-b6ea-5b9b-96dd-83f32d6e6496,019d7b3a-203b-7c8a-ad5e-d1bb856c2a04,https://rushhourplanner.com/?from=Newbury+Park%2C+Thousand+Oaks%2C+CA%2C+USA&exclude=true&to=Segerstrom+High+School%2C+West+MacArthur+Boulevard%2C+Santa+Ana%2C+CA%2C+USA,web,2026-04-11 07:49:09.619000+00:00
route_selected,019d7b83-8d77-74b9-bb0d-71aba2b6135a,a612eac8-1708-564e-aa71-c6693b31759b,019d7b83-8d77-74b9-bb0d-71aba2b6135a,https://rushhourplanner.com/?from=Federal+Way%2C+WA%2C+USA&exclude=true&depart=tomorrow&to=Madrona+Park%2C+Lake+Washington+Boulevard%2C+Seattle%2C+WA%2C+USA,web,2026-04-11 07:49:05.103000+00:00
route_selected,019d7b83-8d77-74b9-bb0d-71aba2b6135a,a612eac8-1708-564e-aa71-c6693b31759b,019d7b83-8d77-74b9-bb0d-71aba2b6135a,https://rushhourplanner.com/,web,2026-04-11 07:48:33.108000+00:00
route_selected,019d7b64-5811-7b06-b507-c2e02aa79de0,1cc33b65-fb83-580d-b686-83969e9ce65d,019d7b64-5811-7b06-b507-c2e02aa79de0,https://rushhourplanner.com/,web,2026-04-11 07:14:27.128000+00:00
route_selected,019d7b42-36c9-7743-acaa-3b0cdd563d96,6d89f6ce-fe70-5d70-9424-c58e2be9f500,019d7b42-36c9-7743-acaa-3b0cdd563d96,https://rushhourplanner.com/?exclude=true&to=1110+Newstar+Way%2C+Golden%2C+CO%2C+USA&from=8857+Creekside+Lane%2C+Highlands+Ranch%2C+CO+80129%2C+USA,web,2026-04-11 06:39:38.717000+00:00
route_selected,019d7b42-36c9-7743-acaa-3b0cdd563d96,6d89f6ce-fe70-5d70-9424-c58e2be9f500,019d7b42-36c9-7743-acaa-3b0cdd563d96,https://rushhourplanner.com/?exclude=true&to=1110+Newstar+Way%2C+Golden%2C+CO%2C+USA&depart=next-monday&from=8857+Creekside+Lane%2C+Highlands+Ranch%2C+CO+80129%2C+USA,web,2026-04-11 06:39:27.567000+00:00
route_selected,019d7b42-36c9-7743-acaa-3b0cdd563d96,6d89f6ce-fe70-5d70-9424-c58e2be9f500,019d7b42-36c9-7743-acaa-3b0cdd563d96,https://rushhourplanner.com/?from=Waterton+Canyon+Trailhead%2C+Waterton+Canyon%2C+Littleton%2C+CO%2C+USA&exclude=true&to=1110+Newstar+Way%2C+Golden%2C+CO%2C+USA&depart=next-monday,web,2026-04-11 06:38:11.287000+00:00
route_selected,019d7b42-36c9-7743-acaa-3b0cdd563d96,6d89f6ce-fe70-5d70-9424-c58e2be9f500,019d7b42-36c9-7743-acaa-3b0cdd563d96,https://rushhourplanner.com/?from=1110+Newstar+Way%2C+Golden%2C+CO%2C+USA&exclude=true&to=Waterton+Canyon+Trailhead%2C+Waterton+Canyon%2C+Littleton%2C+CO%2C+USA&depart=next-monday,web,2026-04-11 06:38:00.217000+00:00
route_selected,019d7b42-36c9-7743-acaa-3b0cdd563d96,6d89f6ce-fe70-5d70-9424-c58e2be9f500,019d7b42-36c9-7743-acaa-3b0cdd563d96,https://rushhourplanner.com/?from=1110+Newstar+Way%2C+Golden%2C+CO%2C+USA&exclude=true&to=Waterton+Canyon+Trailhead%2C+Waterton+Canyon%2C+Littleton%2C+CO%2C+USA,web,2026-04-11 06:37:28.305000+00:00
route_selected,019d7b42-36c9-7743-acaa-3b0cdd563d96,6d89f6ce-fe70-5d70-9424-c58e2be9f500,019d7b42-36c9-7743-acaa-3b0cdd563d96,https://rushhourplanner.com/,web,2026-04-11 06:37:10.275000+00:00
route_selected,019d7b3a-203b-7c8a-ad5e-d1bb856c2a04,560053fa-b6ea-5b9b-96dd-83f32d6e6496,019d7b3a-203b-7c8a-ad5e-d1bb856c2a04,https://rushhourplanner.com/,web,2026-04-11 06:28:20.238000+00:00
route_selected,019d7b07-8951-7796-89c0-6127f6eca0c4,fdb612ea-43aa-591b-851d-35864a710134,019d7b07-8951-7796-89c0-6127f6eca0c4,https://rushhourplanner.com/?from=3383+Pine+St%2C+Santa+Ynez%2C+CA%2C+USA&exclude=true&to=32712+Crown+Valley+Parkway%2C+Dana+Point%2C+CA%2C+USA&depart=tomorrow,web,2026-04-11 05:33:48.967000+00:00
route_selected,019d7b07-8951-7796-89c0-6127f6eca0c4,fdb612ea-43aa-591b-851d-35864a710134,019d7b07-8951-7796-89c0-6127f6eca0c4,https://rushhourplanner.com/?from=3383+Pine+St%2C+Santa+Ynez%2C+CA%2C+USA&exclude=true&to=32712+Crown+Valley+Parkway%2C+Dana+Point%2C+CA%2C+USA,web,2026-04-11 05:33:46.428000+00:00
route_selected,019d7b07-8951-7796-89c0-6127f6eca0c4,fdb612ea-43aa-591b-851d-35864a710134,019d7b07-8951-7796-89c0-6127f6eca0c4,https://rushhourplanner.com/,web,2026-04-11 05:33:04.874000+00:00
route_selected,019d7383-a5f9-73ba-b862-b25a1e2fecd4,31e27955-e1a1-53a4-a425-4ae751d66842,019d7383-a5f9-73ba-b862-b25a1e2fecd4,https://rushhourplanner.com/,web,2026-04-11 05:31:37.234000+00:00
route_selected,019d239a-674a-7001-bf94-be05f3680498,55ecfd13-a1a1-5f06-9fef-e3b5f28c283d,019d239a-674a-7001-bf94-be05f3680498,https://rushhourplanner.com/,web,2026-04-11 05:16:54.020000+00:00
route_selected,019d7af1-e887-7591-a96e-0fa558e0e84e,38ebb95c-1140-5fe1-8ef4-03a3c3692cef,019d7af1-e887-7591-a96e-0fa558e0e84e,https://rushhourplanner.com/?exclude=true&from=Kerrville%2C+TX%2C+USA&to=San+Antonio+International+Airport+%28SAT%29%2C+Airport+Boulevard%2C+San+Antonio%2C+TX%2C+USA,web,2026-04-11 05:10:21.241000+00:00
route_selected,019d7af1-e887-7591-a96e-0fa558e0e84e,38ebb95c-1140-5fe1-8ef4-03a3c3692cef,019d7af1-e887-7591-a96e-0fa558e0e84e,https://rushhourplanner.com/?exclude=true&from=Kerrville%2C+TX%2C+USA&depart=tomorrow&to=San+Antonio+International+Airport+%28SAT%29%2C+Airport+Boulevard%2C+San+Antonio%2C+TX%2C+USA,web,2026-04-11 05:10:19.583000+00:00
route_selected,019d7af1-e887-7591-a96e-0fa558e0e84e,38ebb95c-1140-5fe1-8ef4-03a3c3692cef,019d7af1-e887-7591-a96e-0fa558e0e84e,https://rushhourplanner.com/?exclude=true&from=Kerrville%2C+TX%2C+USA&to=San+Antonio+International+Airport+%28SAT%29%2C+Airport+Boulevard%2C+San+Antonio%2C+TX%2C+USA&depart=tomorrow,web,2026-04-11 05:10:14.122000+00:00
route_selected,019d7af1-e887-7591-a96e-0fa558e0e84e,38ebb95c-1140-5fe1-8ef4-03a3c3692cef,019d7af1-e887-7591-a96e-0fa558e0e84e,https://rushhourplanner.com/?exclude=true&from=Kerrville%2C+TX%2C+USA&to=San+Antonio+International+Airport+%28SAT%29%2C+Airport+Boulevard%2C+San+Antonio%2C+TX%2C+USA&depart=tomorrow,web,2026-04-11 05:09:50.482000+00:00
route_selected,019d7af1-e887-7591-a96e-0fa558e0e84e,38ebb95c-1140-5fe1-8ef4-03a3c3692cef,019d7af1-e887-7591-a96e-0fa558e0e84e,https://rushhourplanner.com/?exclude=true&from=Kerrville%2C+TX%2C+USA&to=San+Antonio+International+Airport+%28SAT%29%2C+Airport+Boulevard%2C+San+Antonio%2C+TX%2C+USA&depart=tomorrow,web,2026-04-11 05:09:48.817000+00:00
route_selected,019d7af1-e887-7591-a96e-0fa558e0e84e,38ebb95c-1140-5fe1-8ef4-03a3c3692cef,019d7af1-e887-7591-a96e-0fa558e0e84e,https://rushhourplanner.com/?exclude=true&from=Kerrville%2C+TX%2C+USA&to=San+Antonio+International+Airport+%28SAT%29%2C+Airport+Boulevard%2C+San+Antonio%2C+TX%2C+USA,web,2026-04-11 05:09:44.730000+00:00
route_selected,019d7af1-e887-7591-a96e-0fa558e0e84e,38ebb95c-1140-5fe1-8ef4-03a3c3692cef,019d7af1-e887-7591-a96e-0fa558e0e84e,https://rushhourplanner.com/?from=kEugene%2C+OR&to=Vancouver%2C+BC%2C+Canada&exclude=true,web,2026-04-11 05:09:32.699000+00:00
route_selected,019d7af1-e887-7591-a96e-0fa558e0e84e,38ebb95c-1140-5fe1-8ef4-03a3c3692cef,019d7af1-e887-7591-a96e-0fa558e0e84e,https://rushhourplanner.com/,web,2026-04-11 05:09:27.360000+00:00
route_selected,019d7aeb-3250-72e6-8ee0-8d272730b71e,a0679649-3de9-52e8-b4f2-ad714c3e59b0,019d7aeb-3250-72e6-8ee0-8d272730b71e,https://rushhourplanner.com/?from=533+Harold+Prewett+Drive%2C+Nashville%2C+TN%2C+USA&exclude=true&to=Davidson+Academy%2C+Old+Hickory+Boulevard%2C+Nashville%2C+TN%2C+USA&depart=next-monday,web,2026-04-11 05:02:49.897000+00:00
route_selected,019d7aeb-3250-72e6-8ee0-8d272730b71e,a0679649-3de9-52e8-b4f2-ad714c3e59b0,019d7aeb-3250-72e6-8ee0-8d272730b71e,https://rushhourplanner.com/?from=533+Harold+Prewett+Drive%2C+Nashville%2C+TN%2C+USA&exclude=true&to=Davidson+Academy%2C+Old+Hickory+Boulevard%2C+Nashville%2C+TN%2C+USA,web,2026-04-11 05:02:45.906000+00:00
route_selected,019d7aeb-3250-72e6-8ee0-8d272730b71e,a0679649-3de9-52e8-b4f2-ad714c3e59b0,019d7aeb-3250-72e6-8ee0-8d272730b71e,https://rushhourplanner.com/,web,2026-04-11 05:02:07.501000+00:00
route_selected,019d7569-f6ed-7dca-9b47-cb1087adbb26,3c4698aa-3771-5627-a73b-c85ec744e769,019d7569-f6ed-7dca-9b47-cb1087adbb26,https://rushhourplanner.com/?exclude=true&to=Center+City%2C+MN%2C+USA&from=Wyoming%2C+MN%2C+USA&depart=tomorrow,web,2026-04-11 04:21:35.969000+00:00
route_selected,019d7569-f6ed-7dca-9b47-cb1087adbb26,3c4698aa-3771-5627-a73b-c85ec744e769,019d7569-f6ed-7dca-9b47-cb1087adbb26,"https://rushhourplanner.com/?exclude=true&to=Center+City,+MN,+USA&from=Wyoming,+MN,+USA",web,2026-04-11 04:21:28.646000+00:00
route_selected,019d7569-f6ed-7dca-9b47-cb1087adbb26,3c4698aa-3771-5627-a73b-c85ec744e769,019d7569-f6ed-7dca-9b47-cb1087adbb26,"https://rushhourplanner.com/?exclude=true&to=Center+City,+MN,+USA&from=Wyoming,+MN,+USA",web,2026-04-11 04:21:26.932000+00:00
route_selected,019d7aba-b617-7720-8d94-75790fbc251a,d31beaf3-196a-5f8f-a7cc-9271f5525593,019d7aba-b617-7720-8d94-75790fbc251a,https://rushhourplanner.com/?from=Sherman+Oaks%2C+Los+Angeles%2C+CA%2C+USA&exclude=true&to=Buena+Park%2C+CA%2C+USA&depart=tomorrow,web,2026-04-11 04:09:29.951000+00:00
route_selected,019d7aba-b617-7720-8d94-75790fbc251a,d31beaf3-196a-5f8f-a7cc-9271f5525593,019d7aba-b617-7720-8d94-75790fbc251a,https://rushhourplanner.com/?from=Sherman+Oaks%2C+Los+Angeles%2C+CA%2C+USA&exclude=true&to=Buena+Park%2C+CA%2C+USA,web,2026-04-11 04:09:23.210000+00:00
route_selected,019d7aba-b617-7720-8d94-75790fbc251a,d31beaf3-196a-5f8f-a7cc-9271f5525593,019d7aba-b617-7720-8d94-75790fbc251a,https://rushhourplanner.com/,web,2026-04-11 04:09:10+00:00
route_selected,019d7870-a538-76f8-bc93-0ebb75c2de96,5863d9dc-3737-5786-9338-579b6dd16bf0,019d7870-a538-76f8-bc93-0ebb75c2de96,"https://rushhourplanner.com/?from=204+10th+Street,+Jersey+City,+NJ,+USA&exclude=true&to=White+Plains+Performing+Arts+Center,+11+City+Pl,+White+Plains,+NY,+USA",web,2026-04-11 03:39:13.186000+00:00
route_selected,019d7870-a538-76f8-bc93-0ebb75c2de96,5863d9dc-3737-5786-9338-579b6dd16bf0,019d7870-a538-76f8-bc93-0ebb75c2de96,"https://rushhourplanner.com/?from=204+10th+Street,+Jersey+City,+NJ,+USA&exclude=true&to=White+Plains+Performing+Arts+Center,+11+City+Pl,+White+Plains,+NY,+USA",web,2026-04-11 03:39:11.208000+00:00
route_selected,019d7a93-e0df-74d0-a527-6ec3b35aee6c,55d8fdc3-4865-5c8d-a424-6eff7ac488b5,019d7a93-e0df-74d0-a527-6ec3b35aee6c,https://rushhourplanner.com/?from=12151+117th+Street+North%2C+Seminole%2C+FL%2C+USA&to=401+North+Magnolia+Avenue%2C+Orlando%2C+FL%2C+USA&depart=tomorrow&exclude=true,web,2026-04-11 03:26:46.335000+00:00
route_selected,019d7a93-e0df-74d0-a527-6ec3b35aee6c,55d8fdc3-4865-5c8d-a424-6eff7ac488b5,019d7a93-e0df-74d0-a527-6ec3b35aee6c,"https://rushhourplanner.com/?from=12151+117th+Street+North,+Seminole,+FL,+USA&to=401+North+Magnolia+Avenue,+Orlando,+FL,+USA&depart=tomorrow&exclude=true",web,2026-04-11 03:26:45.011000+00:00
route_selected,019d7a57-aeda-76a2-920d-a209c9f7ba95,bac4f99f-90f4-52e5-a241-726dcac63bba,019d7a57-aeda-76a2-920d-a209c9f7ba95,https://rushhourplanner.com/,web,2026-04-11 02:21:00.063000+00:00
route_selected,019d7a55-790d-711b-a5c4-1680b7077619,24b154a1-07e9-5ea3-ab4d-239527a1c164,019d7a55-790d-711b-a5c4-1680b7077619,https://rushhourplanner.com/?exclude=true&from=Miami+Beach%2C+FL%2C+USA&to=Fort+Lauderdale-Hollywood+International+Airport+%28FLL%29%2C+Terminal+Drive%2C+Fort+Lauderdale%2C+FL%2C+USA&depart=tomorrow,web,2026-04-11 02:19:07.461000+00:00
route_selected,019d7a55-790d-711b-a5c4-1680b7077619,24b154a1-07e9-5ea3-ab4d-239527a1c164,019d7a55-790d-711b-a5c4-1680b7077619,https://rushhourplanner.com/?exclude=true&from=Miami+Beach%2C+FL%2C+USA&to=Fort+Lauderdale-Hollywood+International+Airport+%28FLL%29%2C+Terminal+Drive%2C+Fort+Lauderdale%2C+FL%2C+USA,web,2026-04-11 02:19:04.542000+00:00
route_selected,019d7a55-790d-711b-a5c4-1680b7077619,24b154a1-07e9-5ea3-ab4d-239527a1c164,019d7a55-790d-711b-a5c4-1680b7077619,https://rushhourplanner.com/?exclude=true&to=Miami%2C+FL%2C+USA&from=Miami+Beach%2C+FL%2C+USA,web,2026-04-11 02:18:58.355000+00:00
route_selected,019d7a55-790d-711b-a5c4-1680b7077619,24b154a1-07e9-5ea3-ab4d-239527a1c164,019d7a55-790d-711b-a5c4-1680b7077619,"https://rushhourplanner.com/?from=Fort+Lauderdale,+FL,+USA&exclude=true&to=Miami,+FL,+USA",web,2026-04-11 02:18:36.980000+00:00
route_selected,019d7a55-790d-711b-a5c4-1680b7077619,24b154a1-07e9-5ea3-ab4d-239527a1c164,019d7a55-790d-711b-a5c4-1680b7077619,"https://rushhourplanner.com/?from=Fort+Lauderdale,+FL,+USA&exclude=true&to=Miami,+FL,+USA",web,2026-04-11 02:18:35.324000+00:00
route_selected,019d7a33-120e-7c74-99c3-deb3774ce969,ba89edaf-bec0-523f-a6e7-c289dc614bd2,019d7a33-120e-7c74-99c3-deb3774ce969,https://rushhourplanner.com/?from=3672+Abbey+Road%2C+Byrnes+Mill%2C+MO%2C+USA&exclude=true&to=4+Cougar+Drive%2C+Glen+Carbon%2C+IL%2C+USA&depart=next-thursday,web,2026-04-11 01:44:36.848000+00:00
route_selected,019d7a33-120e-7c74-99c3-deb3774ce969,ba89edaf-bec0-523f-a6e7-c289dc614bd2,019d7a33-120e-7c74-99c3-deb3774ce969,https://rushhourplanner.com/?from=3672+Abbey+Road%2C+Byrnes+Mill%2C+MO%2C+USA&exclude=true&to=4+Cougar+Drive%2C+Glen+Carbon%2C+IL%2C+USA,web,2026-04-11 01:44:31.913000+00:00
route_selected,019d7a33-120e-7c74-99c3-deb3774ce969,ba89edaf-bec0-523f-a6e7-c289dc614bd2,019d7a33-120e-7c74-99c3-deb3774ce969,https://rushhourplanner.com/,web,2026-04-11 01:44:01.342000+00:00
route_selected,019d7a34-75e4-7c27-a09e-a773afa9de46,21982250-5561-509e-bb0c-bf38f2a279d7,019d7a34-75e4-7c27-a09e-a773afa9de46,https://rushhourplanner.com/?from=6520+Broadway+St%2C+Pearland%2C+TX+77581&exclude=true&to=W+Broadway+St%2C+Pearland%2C+TX+77584&depart=next-monday,web,2026-04-11 01:43:33.917000+00:00
route_selected,019d7a34-75e4-7c27-a09e-a773afa9de46,21982250-5561-509e-bb0c-bf38f2a279d7,019d7a34-75e4-7c27-a09e-a773afa9de46,https://rushhourplanner.com/?from=6520+Broadway+St%2C+Pearland%2C+TX+77581&exclude=true&to=W+Broadway+St%2C+Pearland%2C+TX+77584&depart=next-monday,web,2026-04-11 01:43:33.089000+00:00
route_selected,019d7a34-75e4-7c27-a09e-a773afa9de46,21982250-5561-509e-bb0c-bf38f2a279d7,019d7a34-75e4-7c27-a09e-a773afa9de46,https://rushhourplanner.com/,web,2026-04-11 01:42:31.850000+00:00
route_selected,019d7a33-120e-7c74-99c3-deb3774ce969,ba89edaf-bec0-523f-a6e7-c289dc614bd2,019d7a33-120e-7c74-99c3-deb3774ce969,https://rushhourplanner.com/?from=3672+Abbey+Road%2C+Byrnes+Mill%2C+MO%2C+USA&exclude=true&depart=next-thursday&to=4+Cougar+Drive%2C+Glen+Carbon%2C+IL%2C+USA,web,2026-04-11 01:41:31.210000+00:00
route_selected,019d7a33-120e-7c74-99c3-deb3774ce969,ba89edaf-bec0-523f-a6e7-c289dc614bd2,019d7a33-120e-7c74-99c3-deb3774ce969,https://rushhourplanner.com/,web,2026-04-11 01:40:59.903000+00:00
route_selected,019d7a22-16a7-7b96-a998-9121e776ef02,5f823953-50c4-54c3-a7b7-1f2ed477b178,019d7a22-16a7-7b96-a998-9121e776ef02,https://rushhourplanner.com/?from=Columbia+Tower+Club%2C+5th+Avenue%2C+Seattle%2C+WA%2C+USA&exclude=true&to=Space+Needle%2C+Broad+Street%2C+Seattle%2C+WA%2C+USA&depart=next-monday,web,2026-04-11 01:25:43.828000+00:00
route_selected,019d7a22-16a7-7b96-a998-9121e776ef02,5f823953-50c4-54c3-a7b7-1f2ed477b178,019d7a22-16a7-7b96-a998-9121e776ef02,https://rushhourplanner.com/?from=Seattle%2C+WA%2C+USA&exclude=true&to=Space+Needle%2C+Broad+Street%2C+Seattle%2C+WA%2C+USA&depart=next-monday,web,2026-04-11 01:25:25.756000+00:00
route_selected,019d7a22-16a7-7b96-a998-9121e776ef02,5f823953-50c4-54c3-a7b7-1f2ed477b178,019d7a22-16a7-7b96-a998-9121e776ef02,https://rushhourplanner.com/?from=Seattle%2C+WA%2C+USA&exclude=true&to=Bellevue%2C+WA%2C+USA&depart=next-monday,web,2026-04-11 01:24:50.010000+00:00
route_selected,019d7a22-16a7-7b96-a998-9121e776ef02,5f823953-50c4-54c3-a7b7-1f2ed477b178,019d7a22-16a7-7b96-a998-9121e776ef02,https://rushhourplanner.com/?from=Seattle%2C+WA%2C+USA&exclude=true&to=Mount+Vernon%2C+WA%2C+USA&depart=next-monday,web,2026-04-11 01:24:22.078000+00:00
route_selected,019d7a22-16a7-7b96-a998-9121e776ef02,5f823953-50c4-54c3-a7b7-1f2ed477b178,019d7a22-16a7-7b96-a998-9121e776ef02,https://rushhourplanner.com/?from=Seattle%2C+WA%2C+USA&exclude=true&to=Mount+&depart=next-monday,web,2026-04-11 01:24:16.838000+00:00
route_selected,019d7a22-16a7-7b96-a998-9121e776ef02,5f823953-50c4-54c3-a7b7-1f2ed477b178,019d7a22-16a7-7b96-a998-9121e776ef02,https://rushhourplanner.com/?from=Seattle%2C+WA%2C+USA&exclude=true&to=Salt+Lake+City%2C+UT%2C+USA&depart=next-monday,web,2026-04-11 01:24:01.057000+00:00
route_selected,019d7a22-16a7-7b96-a998-9121e776ef02,5f823953-50c4-54c3-a7b7-1f2ed477b178,019d7a22-16a7-7b96-a998-9121e776ef02,https://rushhourplanner.com/?from=Provo%2C+UT%2C+USA&exclude=true&to=Salt+Lake+City%2C+UT%2C+USA&depart=next-monday,web,2026-04-11 01:23:35.970000+00:00
route_selected,019d7a22-16a7-7b96-a998-9121e776ef02,5f823953-50c4-54c3-a7b7-1f2ed477b178,019d7a22-16a7-7b96-a998-9121e776ef02,https://rushhourplanner.com/?from=Provo%2C+UT%2C+USA&exclude=true&to=Salt+Lake+City%2C+UT%2C+USA&depart=tomorrow,web,2026-04-11 01:23:21.422000+00:00
route_selected,019d7a22-16a7-7b96-a998-9121e776ef02,5f823953-50c4-54c3-a7b7-1f2ed477b178,019d7a22-16a7-7b96-a998-9121e776ef02,https://rushhourplanner.com/?from=Provo%2C+UT%2C+USA&exclude=true&to=Salt+Lake+City%2C+UT%2C+USA,web,2026-04-11 01:22:48.893000+00:00
route_selected,019d7a22-16a7-7b96-a998-9121e776ef02,5f823953-50c4-54c3-a7b7-1f2ed477b178,019d7a22-16a7-7b96-a998-9121e776ef02,https://rushhourplanner.com/,web,2026-04-11 01:22:27.706000+00:00
route_selected,019d7a0e-695a-7496-885d-f1477423d3ab,a62265e9-71b3-55c5-a70f-0bd1afb9498d,019d7a0e-695a-7496-885d-f1477423d3ab,https://rushhourplanner.com/?from=4+Reservoir+Ridge+Road%2C+Framingham%2C+MA%2C+USA&exclude=true&to=Calderwood+Pavilion+%2F+The+Huntington+Calderwood%2C+Tremont+Street%2C+Boston%2C+MA%2C+USA&depart=tomorrow,web,2026-04-11 01:20:38.587000+00:00
route_selected,019d7a0e-695a-7496-885d-f1477423d3ab,a62265e9-71b3-55c5-a70f-0bd1afb9498d,019d7a0e-695a-7496-885d-f1477423d3ab,"https://rushhourplanner.com/?from=4+Reservoir+Ridge+Road,+Framingham,+MA,+USA&exclude=true&to=Calderwood+Pavilion+/+The+Huntington+Calderwood,+Tremont+Street,+Boston,+MA,+USA&depart=tomorrow",web,2026-04-11 01:20:37.815000+00:00
route_selected,019d7a0e-695a-7496-885d-f1477423d3ab,a62265e9-71b3-55c5-a70f-0bd1afb9498d,019d7a0e-695a-7496-885d-f1477423d3ab,https://rushhourplanner.com/?from=4+Reservoir+Ridge+Road%2C+Framingham%2C+MA%2C+USA&exclude=true&to=Calderwood+Pavilion+%2F+The+Huntington+Calderwood%2C+Tremont+Street%2C+Boston%2C+MA%2C+USA&depart=tomorrow,web,2026-04-11 01:01:19.582000+00:00
route_selected,019d7a0e-695a-7496-885d-f1477423d3ab,a62265e9-71b3-55c5-a70f-0bd1afb9498d,019d7a0e-695a-7496-885d-f1477423d3ab,https://rushhourplanner.com/?from=4+Reservoir+Ridge+Road%2C+Framingham%2C+MA%2C+USA&exclude=true&to=Calderwood+Pavilion+%2F+The+Huntington+Calderwood%2C+Tremont+Street%2C+Boston%2C+MA%2C+USA,web,2026-04-11 01:01:17.076000+00:00
route_selected,019d7a0e-695a-7496-885d-f1477423d3ab,a62265e9-71b3-55c5-a70f-0bd1afb9498d,019d7a0e-695a-7496-885d-f1477423d3ab,https://rushhourplanner.com/,web,2026-04-11 01:00:58.139000+00:00
route_selected,019d79ff-ca39-7367-9598-6b26f8be1886,fc792367-5fbc-5b15-95b3-47392383a4ae,019d79ff-ca39-7367-9598-6b26f8be1886,https://rushhourplanner.com/?from=Vero+Beach%2C+FL%2C+USA&exclude=true&to=Wytheville%2C+VA%2C+USA&depart=tomorrow,web,2026-04-11 00:46:47.876000+00:00
route_selected,019d79ff-ca39-7367-9598-6b26f8be1886,fc792367-5fbc-5b15-95b3-47392383a4ae,019d79ff-ca39-7367-9598-6b26f8be1886,https://rushhourplanner.com/?from=Vero+Beach%2C+FL%2C+USA&exclude=true&to=Wytheville%2C+VA%2C+USA,web,2026-04-11 00:46:34.427000+00:00
route_selected,019d79ff-ca39-7367-9598-6b26f8be1886,fc792367-5fbc-5b15-95b3-47392383a4ae,019d79ff-ca39-7367-9598-6b26f8be1886,https://rushhourplanner.com/?from=Vero+Beach%2C+FL%2C+USA&exclude=true&to=Wytheville%2C+VA%2C+USA&depart=next-monday,web,2026-04-11 00:46:08.775000+00:00
route_selected,019d79ff-ca39-7367-9598-6b26f8be1886,fc792367-5fbc-5b15-95b3-47392383a4ae,019d79ff-ca39-7367-9598-6b26f8be1886,https://rushhourplanner.com/?from=Vero+Beach%2C+FL%2C+USA&exclude=true&to=Wytheville%2C+VA%2C+USA&depart=sunday,web,2026-04-11 00:45:35.472000+00:00
route_selected,019d79ff-ca39-7367-9598-6b26f8be1886,fc792367-5fbc-5b15-95b3-47392383a4ae,019d79ff-ca39-7367-9598-6b26f8be1886,https://rushhourplanner.com/?from=Vero+Beach%2C+FL%2C+USA&exclude=true&to=Wytheville%2C+VA%2C+USA,web,2026-04-11 00:45:29.774000+00:00
route_selected,019d79ff-ca39-7367-9598-6b26f8be1886,fc792367-5fbc-5b15-95b3-47392383a4ae,019d79ff-ca39-7367-9598-6b26f8be1886,https://rushhourplanner.com/,web,2026-04-11 00:44:59.947000+00:00
route_selected,019d554c-d8e7-729a-94dc-da21fec9356d,f6bf1a80-9049-5600-ae1c-5b29df5d24fe,019d554c-d8e7-729a-94dc-da21fec9356d,https://rushhourplanner.com/,web,2026-04-11 00:25:59.542000+00:00
route_selected,019d554c-d8e7-729a-94dc-da21fec9356d,f6bf1a80-9049-5600-ae1c-5b29df5d24fe,019d554c-d8e7-729a-94dc-da21fec9356d,https://rushhourplanner.com/,web,2026-04-11 00:25:56.907000+00:00
route_selected,019d79df-0ead-7652-a43c-be4022ca43b5,fc27e47b-fbcc-5b67-9969-dd460a1f0b41,019d79df-0ead-7652-a43c-be4022ca43b5,https://rushhourplanner.com/?from=Florida+State+Fairgrounds%2C+U.S.+301%2C+Tampa%2C+FL%2C+USA&exclude=true&depart=next-monday&to=Lakeland%2C+FL%2C+USA,web,2026-04-11 00:24:58.870000+00:00
route_selected,019d5dd1-02b6-7690-9539-d65655b8b652,34450d1a-0731-553e-be2b-3e099c2ba126,019d5dd1-02b6-7690-9539-d65655b8b652,https://rushhourplanner.com/,web,2026-04-11 00:15:19.240000+00:00
route_selected,019d79df-0ead-7652-a43c-be4022ca43b5,fc27e47b-fbcc-5b67-9969-dd460a1f0b41,019d79df-0ead-7652-a43c-be4022ca43b5,https://rushhourplanner.com/?from=Florida+State+Fairgrounds%2C+U.S.+301%2C+Tampa%2C+FL%2C+USA&exclude=true&depart=next-monday&to=Zephyrhills%2C+FL%2C+USA,web,2026-04-11 00:15:11.963000+00:00
route_selected,019d79df-0ead-7652-a43c-be4022ca43b5,fc27e47b-fbcc-5b67-9969-dd460a1f0b41,019d79df-0ead-7652-a43c-be4022ca43b5,https://rushhourplanner.com/?from=Florida+State+Fairgrounds%2C+U.S.+301%2C+Tampa%2C+FL%2C+USA&exclude=true&to=Sun+City+Center%2C+FL%2C+USA&depart=next-monday,web,2026-04-11 00:14:19.696000+00:00
route_selected,019d79df-0ead-7652-a43c-be4022ca43b5,fc27e47b-fbcc-5b67-9969-dd460a1f0b41,019d79df-0ead-7652-a43c-be4022ca43b5,https://rushhourplanner.com/?from=Florida+State+Fairgrounds%2C+U.S.+301%2C+Tampa%2C+FL%2C+USA&exclude=true&to=Sun+City+Center%2C+FL%2C+USA,web,2026-04-11 00:14:02.212000+00:00
route_selected,019d79df-0ead-7652-a43c-be4022ca43b5,fc27e47b-fbcc-5b67-9969-dd460a1f0b41,019d79df-0ead-7652-a43c-be4022ca43b5,https://rushhourplanner.com/,web,2026-04-11 00:13:33.298000+00:00
route_selected,019d79df-0ead-7652-a43c-be4022ca43b5,fc27e47b-fbcc-5b67-9969-dd460a1f0b41,019d79df-0ead-7652-a43c-be4022ca43b5,https://rushhourplanner.com/,web,2026-04-11 00:09:14.723000+00:00
route_selected,019d79d1-67c0-797d-8875-3b3014344504,be235268-73f0-5b4b-8622-0ec92494a9ac,019d79d1-67c0-797d-8875-3b3014344504,https://rushhourplanner.com/,web,2026-04-10 23:54:20.234000+00:00
route_selected,019d79cd-4b56-7a74-91f3-1bc4cf6e3781,4cfdd239-7edd-5b11-a23c-150b6606291c,019d79cd-4b56-7a74-91f3-1bc4cf6e3781,"https://rushhourplanner.com/?from=Long+Beach,+CA,+USA&exclude=true&to=West+Hills,+Los+Angeles,+CA,+USA",web,2026-04-10 23:49:52.877000+00:00
route_selected,019d79cd-4b56-7a74-91f3-1bc4cf6e3781,4cfdd239-7edd-5b11-a23c-150b6606291c,019d79cd-4b56-7a74-91f3-1bc4cf6e3781,"https://rushhourplanner.com/?from=Long+Beach,+CA,+USA&exclude=true&to=West+Hills,+Los+Angeles,+CA,+USA",web,2026-04-10 23:49:50.689000+00:00
route_selected,019d79c9-c87a-799c-84ed-b9b8c91b04d8,0a038ec4-7526-5ca2-a968-5fefbef9790a,019d79c9-c87a-799c-84ed-b9b8c91b04d8,https://rushhourplanner.com/?from=12151+117th+Street+North%2C+Seminole%2C+FL%2C+USA&to=401+North+Magnolia+Avenue%2C+Orlando%2C+FL%2C+USA&depart=tomorrow&exclude=true,web,2026-04-10 23:46:01.362000+00:00
route_selected,019d79c9-c87a-799c-84ed-b9b8c91b04d8,0a038ec4-7526-5ca2-a968-5fefbef9790a,019d79c9-c87a-799c-84ed-b9b8c91b04d8,"https://rushhourplanner.com/?from=12151+117th+Street+North,+Seminole,+FL,+USA&to=401+North+Magnolia+Avenue,+Orlando,+FL,+USA&depart=tomorrow",web,2026-04-10 23:46:00.531000+00:00
route_selected,019d792c-b0ed-7bba-b623-feadfa7df4aa,71e179d3-8d2f-5949-bdd8-c1ee88cfad41,019d792c-b0ed-7bba-b623-feadfa7df4aa,"https://rushhourplanner.com/?from=2619+Wilshire+Boulevard,+Los+Angeles,+CA,+USA&exclude=true&to=4644+30th+Street,+San+Diego,+CA,+USA",web,2026-04-10 23:16:12.156000+00:00
route_selected,019d792c-b0ed-7bba-b623-feadfa7df4aa,71e179d3-8d2f-5949-bdd8-c1ee88cfad41,019d792c-b0ed-7bba-b623-feadfa7df4aa,"https://rushhourplanner.com/?from=2619+Wilshire+Boulevard,+Los+Angeles,+CA,+USA&exclude=true&to=4644+30th+Street,+San+Diego,+CA,+USA",web,2026-04-10 23:16:09.909000+00:00
route_selected,019d79a3-7a56-7196-b8bb-c97365a258fe,8e2d5d0a-8c18-5434-8c1d-3de40e7bf8b9,019d79a3-7a56-7196-b8bb-c97365a258fe,https://rushhourplanner.com/?from=100+Thompsons+Point%2C+Portland%2C+ME%2C+USA&exclude=true&to=Logan+Airport+%28BOS%29%2C+East+Boston%2C+MA%2C+USA&depart=tomorrow,web,2026-04-10 23:04:30.342000+00:00
route_selected,019d79a3-7a56-7196-b8bb-c97365a258fe,8e2d5d0a-8c18-5434-8c1d-3de40e7bf8b9,019d79a3-7a56-7196-b8bb-c97365a258fe,https://rushhourplanner.com/?from=100+Thompsons+Point%2C+Portland%2C+ME%2C+USA&exclude=true&to=Logan+Airport+%28BOS%29%2C+East+Boston%2C+MA%2C+USA,web,2026-04-10 23:04:26.178000+00:00
route_selected,019d79a3-7a56-7196-b8bb-c97365a258fe,8e2d5d0a-8c18-5434-8c1d-3de40e7bf8b9,019d79a3-7a56-7196-b8bb-c97365a258fe,https://rushhourplanner.com/,web,2026-04-10 23:04:09.942000+00:00
route_selected,019d799d-39a6-72cc-991c-fba0110b2a99,b3d00ca8-d360-591c-8386-af0bac2f0926,019d799d-39a6-72cc-991c-fba0110b2a99,https://rushhourplanner.com/?from=simi+valley&exclude=true&to=LAX+airport+%28LAX%29%2C+World+Way%2C+Los+Angeles%2C+CA%2C+USA&depart=next-tuesday,web,2026-04-10 22:57:47.222000+00:00
route_selected,019d799d-39a6-72cc-991c-fba0110b2a99,b3d00ca8-d360-591c-8386-af0bac2f0926,019d799d-39a6-72cc-991c-fba0110b2a99,https://rushhourplanner.com/?from=simi+valley&exclude=true&to=LAX+airport+%28LAX%29%2C+World+Way%2C+Los+Angeles%2C+CA%2C+USA,web,2026-04-10 22:57:38.780000+00:00
route_selected,019d799d-39a6-72cc-991c-fba0110b2a99,b3d00ca8-d360-591c-8386-af0bac2f0926,019d799d-39a6-72cc-991c-fba0110b2a99,https://rushhourplanner.com/,web,2026-04-10 22:57:21.039000+00:00
route_selected,019d7569-f6ed-7dca-9b47-cb1087adbb26,3c4698aa-3771-5627-a73b-c85ec744e769,019d7569-f6ed-7dca-9b47-cb1087adbb26,"https://rushhourplanner.com/?exclude=true&to=Center+City,+MN,+USA&from=Wyoming,+MN,+USA",web,2026-04-10 22:57:11.153000+00:00
route_selected,019d7569-f6ed-7dca-9b47-cb1087adbb26,3c4698aa-3771-5627-a73b-c85ec744e769,019d7569-f6ed-7dca-9b47-cb1087adbb26,"https://rushhourplanner.com/?exclude=true&to=Center+City,+MN,+USA&from=Wyoming,+MN,+USA",web,2026-04-10 22:57:09.340000+00:00
route_selected,019d7981-9b39-7ff8-88ac-85a6510075c3,c2834190-cf91-573d-96f4-19e193860b63,019d7981-9b39-7ff8-88ac-85a6510075c3,https://rushhourplanner.com/?from=Brevard%2C+NC%2C+USA&exclude=true&to=Naperville+Fresh+Market%2C+West+75th+Street%2C+Naperville%2C+IL%2C+USA&depart=next-tuesday,web,2026-04-10 22:28:27.830000+00:00
route_selected,019d7981-f54f-7558-9b0a-085bb487d27d,aa28451a-d526-5c84-8824-e1f98fd4833b,019d7981-f54f-7558-9b0a-085bb487d27d,https://rushhourplanner.com/?from=2516+Baublitz+Rd%2C+Reisterstown%2C+MD+21136%2C+USA&exclude=true&to=NSA%2C+Savage+Road%2C+Fort+Meade%2C+MD%2C+USA,web,2026-04-10 22:28:25.946000+00:00
route_selected,019d7981-9b39-7ff8-88ac-85a6510075c3,c2834190-cf91-573d-96f4-19e193860b63,019d7981-9b39-7ff8-88ac-85a6510075c3,https://rushhourplanner.com/?from=Brevard%2C+NC%2C+USA&exclude=true&to=Naperville+Fresh+Market%2C+West+75th+Street%2C+Naperville%2C+IL%2C+USA&depart=sunday,web,2026-04-10 22:27:55.628000+00:00
route_selected,019d7981-9b39-7ff8-88ac-85a6510075c3,c2834190-cf91-573d-96f4-19e193860b63,019d7981-9b39-7ff8-88ac-85a6510075c3,https://rushhourplanner.com/?from=Brevard%2C+NC%2C+USA&exclude=true&to=Naperville+Fresh+Market%2C+West+75th+Street%2C+Naperville%2C+IL%2C+USA,web,2026-04-10 22:27:45.099000+00:00
route_selected,019d7981-f54f-7558-9b0a-085bb487d27d,aa28451a-d526-5c84-8824-e1f98fd4833b,019d7981-f54f-7558-9b0a-085bb487d27d,https://rushhourplanner.com/,web,2026-04-10 22:27:33.398000+00:00
route_selected,019d7981-9b39-7ff8-88ac-85a6510075c3,c2834190-cf91-573d-96f4-19e193860b63,019d7981-9b39-7ff8-88ac-85a6510075c3,https://rushhourplanner.com/,web,2026-04-10 22:27:10.602000+00:00
route_selected,019d7981-1d9e-786b-b67a-b4d5c53aa739,4a5d0a39-2b19-5222-a95e-140729597db1,019d7981-1d9e-786b-b67a-b4d5c53aa739,https://rushhourplanner.com/?from=Lostwithiel%2C+UK&to=Stockport%2C+UK&depart=tomorrow,web,2026-04-10 22:26:57.947000+00:00
route_selected,019d7981-1d9e-786b-b67a-b4d5c53aa739,4a5d0a39-2b19-5222-a95e-140729597db1,019d7981-1d9e-786b-b67a-b4d5c53aa739,https://rushhourplanner.com/?from=Lostwithiel%2C+UK&exclude=true&to=Stockport%2C+UK,web,2026-04-10 22:26:51.774000+00:00
route_selected,019d7981-1d9e-786b-b67a-b4d5c53aa739,4a5d0a39-2b19-5222-a95e-140729597db1,019d7981-1d9e-786b-b67a-b4d5c53aa739,https://rushhourplanner.com/,web,2026-04-10 22:26:36.141000+00:00
route_selected,019d7972-3644-7b42-8acc-93d422cd0457,eca57c76-524b-5005-b06b-7d2c9d53a69b,019d7972-3644-7b42-8acc-93d422cd0457,https://rushhourplanner.com/,web,2026-04-10 22:10:22.504000+00:00
route_selected,019d382a-ff7b-7c90-a0c9-860e2048a89b,d838df7a-4a17-5072-8337-139744277c27,019d382a-ff7b-7c90-a0c9-860e2048a89b,https://rushhourplanner.com/?from=easyvet+Veterinarian+Frisco%2C+Stonebrook+Parkway%2C+Frisco%2C+TX%2C+USA&exclude=true&to=BAL+%28Berry+Appleman+%26+Leiden+LLP%29%2C+North+Glenville+Drive%2C+Richardson%2C+TX%2C+USA&depart=next-thursday,web,2026-04-10 22:05:26.571000+00:00
route_selected,019d382a-ff7b-7c90-a0c9-860e2048a89b,d838df7a-4a17-5072-8337-139744277c27,019d382a-ff7b-7c90-a0c9-860e2048a89b,"https://rushhourplanner.com/?from=easyvet+Veterinarian+Frisco,+Stonebrook+Parkway,+Frisco,+TX,+USA&exclude=true&to=BAL+(Berry+Appleman+%26+Leiden+LLP),+North+Glenville+Drive,+Richardson,+TX,+USA&depart=next-thursday",web,2026-04-10 22:05:25.929000+00:00
route_selected,019d796c-56e3-7796-88ca-9ef4601e9cfb,c9c99233-8a00-548e-9801-02528eea28a9,019d796c-56e3-7796-88ca-9ef4601e9cfb,https://rushhourplanner.com/?from=Marietta%2C+GA%2C+USA&exclude=true&to=Covington%2C+GA%2C+USA&depart=tomorrow,web,2026-04-10 22:04:37.988000+00:00
route_selected,019d796c-56e3-7796-88ca-9ef4601e9cfb,c9c99233-8a00-548e-9801-02528eea28a9,019d796c-56e3-7796-88ca-9ef4601e9cfb,https://rushhourplanner.com/?from=Marietta%2C+GA%2C+USA&exclude=true&to=Covington%2C+GA%2C+USA,web,2026-04-10 22:04:07.218000+00:00
route_selected,019d796c-56e3-7796-88ca-9ef4601e9cfb,c9c99233-8a00-548e-9801-02528eea28a9,019d796c-56e3-7796-88ca-9ef4601e9cfb,https://rushhourplanner.com/,web,2026-04-10 22:03:50.388000+00:00
route_selected,019d796b-b9bc-7c72-afd3-26bc5625fbb8,bed49140-84c7-5356-b786-93b68e4f1427,019d796b-b9bc-7c72-afd3-26bc5625fbb8,https://rushhourplanner.com/?from=oakland%2C.ca&exclude=true&to=Tulare%2C+CA%2C+USA,web,2026-04-10 22:03:33.016000+00:00
route_selected,019d796b-b9bc-7c72-afd3-26bc5625fbb8,bed49140-84c7-5356-b786-93b68e4f1427,019d796b-b9bc-7c72-afd3-26bc5625fbb8,https://rushhourplanner.com/,web,2026-04-10 22:03:16.341000+00:00
route_selected,019d796a-c1f6-7ae2-82c0-276efdb9b86a,3a09a116-fd63-550f-9f9b-dee82406b006,019d796a-c1f6-7ae2-82c0-276efdb9b86a,https://rushhourplanner.com/,web,2026-04-10 22:02:12.982000+00:00
route_selected,019d7960-3972-7050-bf9b-39206da00bef,588088e0-ea13-503a-b75d-6735371b8a22,019d7960-3972-7050-bf9b-39206da00bef,https://rushhourplanner.com/?from=San+Tan+Valley%2C+AZ%2C+USA&exclude=true&to=Wickenburg%2C+AZ%2C+USA&depart=next-monday,web,2026-04-10 21:52:55.628000+00:00
route_selected,019d7960-3972-7050-bf9b-39206da00bef,588088e0-ea13-503a-b75d-6735371b8a22,019d7960-3972-7050-bf9b-39206da00bef,https://rushhourplanner.com/?from=San+Tan+Valley%2C+AZ%2C+USA&exclude=true&to=Wickenburg%2C+AZ%2C+USA&depart=next-monday,web,2026-04-10 21:52:07.605000+00:00
route_selected,019d7960-3972-7050-bf9b-39206da00bef,588088e0-ea13-503a-b75d-6735371b8a22,019d7960-3972-7050-bf9b-39206da00bef,https://rushhourplanner.com/?from=San+Tan+Valley%2C+AZ%2C+USA&exclude=true&to=Wickenburg%2C+AZ%2C+USA&depart=next-tuesday,web,2026-04-10 21:51:32.343000+00:00
route_selected,019d7960-3972-7050-bf9b-39206da00bef,588088e0-ea13-503a-b75d-6735371b8a22,019d7960-3972-7050-bf9b-39206da00bef,https://rushhourplanner.com/?from=San+Tan+Valley%2C+AZ%2C+USA&exclude=true&to=Wickenburg%2C+AZ%2C+USA&depart=next-tuesday,web,2026-04-10 21:51:19.985000+00:00
route_selected,019d7960-3972-7050-bf9b-39206da00bef,588088e0-ea13-503a-b75d-6735371b8a22,019d7960-3972-7050-bf9b-39206da00bef,https://rushhourplanner.com/?from=San+Tan+Valley%2C+AZ%2C+USA&exclude=true&to=Wickenburg%2C+AZ%2C+USA,web,2026-04-10 21:51:14.893000+00:00
route_selected,019d7960-3972-7050-bf9b-39206da00bef,588088e0-ea13-503a-b75d-6735371b8a22,019d7960-3972-7050-bf9b-39206da00bef,https://rushhourplanner.com/,web,2026-04-10 21:50:42.601000+00:00
route_selected,019d795c-c126-7a49-9d3f-38131f6e5129,7ac7aa08-1ea8-5cf4-8364-491629ca3d79,019d795c-c126-7a49-9d3f-38131f6e5129,https://rushhourplanner.com/?from=Troutdale%2C+OR%2C+USA&exclude=true&to=Costco+Wholesale%2C+Northeast+138th+Avenue%2C+Portland%2C+OR%2C+USA,web,2026-04-10 21:47:10.892000+00:00
route_selected,019d795c-c126-7a49-9d3f-38131f6e5129,7ac7aa08-1ea8-5cf4-8364-491629ca3d79,019d795c-c126-7a49-9d3f-38131f6e5129,https://rushhourplanner.com/,web,2026-04-10 21:46:55.242000+00:00
route_selected,019d7946-a14c-79c4-8f6e-cf583b1f4d11,6f66b00a-fc52-51f3-94d5-cc5721a317c6,019d7946-a14c-79c4-8f6e-cf583b1f4d11,"https://rushhourplanner.com/?exclude=true&to=1600+Pennsylvania+Ave+NW,+Washington,+DC+20500,+USA&from=Gambrills,+MD,+USA",web,2026-04-10 21:23:13.688000+00:00
route_selected,019d78ae-0c9d-7ec9-915b-46d50140f8c9,9d35c51e-93f6-58c7-bb8e-80c053123d10,019d78ae-0c9d-7ec9-915b-46d50140f8c9,"https://rushhourplanner.com/?from=Skin+Pharm,+North+Morgan+Street,+Chicago,+IL,+USA&exclude=true&to=Wrigley+Field,+West+Addison+Street,+Chicago,+IL,+USA",web,2026-04-10 21:21:07.015000+00:00
route_selected,019d78ae-0c9d-7ec9-915b-46d50140f8c9,9d35c51e-93f6-58c7-bb8e-80c053123d10,019d78ae-0c9d-7ec9-915b-46d50140f8c9,"https://rushhourplanner.com/?from=Skin+Pharm,+North+Morgan+Street,+Chicago,+IL,+USA&exclude=true&to=Wrigley+Field,+West+Addison+Street,+Chicago,+IL,+USA",web,2026-04-10 21:21:05.955000+00:00
route_selected,019d7942-59a9-7d63-8fcf-b32843d48b41,014bdc5f-9db2-5d64-82ea-d90463087e6d,019d7942-59a9-7d63-8fcf-b32843d48b41,https://rushhourplanner.com/?from=4053+Overture+Circle%2C+Bradenton%2C+FL%2C+USA&exclude=true&to=Nashville%2C+TN%2C+USA&depart=next-tuesday,web,2026-04-10 21:18:37.199000+00:00
route_selected,019d7942-59a9-7d63-8fcf-b32843d48b41,014bdc5f-9db2-5d64-82ea-d90463087e6d,019d7942-59a9-7d63-8fcf-b32843d48b41,https://rushhourplanner.com/?from=4053+Overture+Circle%2C+Bradenton%2C+FL%2C+USA&exclude=true&to=Nashville%2C+TN%2C+USA&depart=next-tuesday,web,2026-04-10 21:18:33.350000+00:00
route_selected,019d7942-59a9-7d63-8fcf-b32843d48b41,014bdc5f-9db2-5d64-82ea-d90463087e6d,019d7942-59a9-7d63-8fcf-b32843d48b41,https://rushhourplanner.com/,web,2026-04-10 21:18:04.374000+00:00
route_selected,019d793d-bf6c-7a38-b7de-7a9e3d237fae,19d696dc-795e-5978-8964-d04a967e32ad,019d793d-bf6c-7a38-b7de-7a9e3d237fae,https://rushhourplanner.com/?from=12151+117th+Street+North%2C+Seminole%2C+FL%2C+USA&exclude=true&to=401+North+Magnolia+Avenue%2C+Orlando%2C+FL%2C+USA&depart=tomorrow,web,2026-04-10 21:14:20.709000+00:00
route_selected,019d793d-bf6c-7a38-b7de-7a9e3d237fae,19d696dc-795e-5978-8964-d04a967e32ad,019d793d-bf6c-7a38-b7de-7a9e3d237fae,https://rushhourplanner.com/?from=12151+117th+Street+North%2C+Seminole%2C+FL%2C+USA&exclude=true&to=401+North+Magnolia+Avenue%2C+Orlando%2C+FL%2C+USA,web,2026-04-10 21:14:17.079000+00:00
route_selected,019d793d-bf6c-7a38-b7de-7a9e3d237fae,19d696dc-795e-5978-8964-d04a967e32ad,019d793d-bf6c-7a38-b7de-7a9e3d237fae,https://rushhourplanner.com/?from=12151+117th+Street+North%2C+Seminole%2C+FL%2C+USA&exclude=true&to=401+Lake+Maggiore+Boulevard+South%2C+St.+Petersburg%2C+FL%2C+USA,web,2026-04-10 21:13:44.301000+00:00
route_selected,019d793d-bf6c-7a38-b7de-7a9e3d237fae,19d696dc-795e-5978-8964-d04a967e32ad,019d793d-bf6c-7a38-b7de-7a9e3d237fae,https://rushhourplanner.com/,web,2026-04-10 21:13:03.140000+00:00
route_selected,019d7939-b3b3-7b78-bf9c-c93b202cea17,e6a45851-aa6e-523c-8087-fb366c7150d7,019d7939-b3b3-7b78-bf9c-c93b202cea17,https://rushhourplanner.com/,web,2026-04-10 21:08:37.929000+00:00
route_selected,01986182-a4a8-7da0-bece-09dcc833bd79,35542304-d1c4-5c02-96a4-79493a2b71f1,01986182-a4a8-7da0-bece-09dcc833bd79,https://rushhourplanner.com/,web,2026-04-10 21:06:11.056000+00:00
route_selected,019d7934-46f8-7b1e-8631-d806ddffcfc1,43348fc9-d40d-59fd-a535-2a704e31b716,019d7934-46f8-7b1e-8631-d806ddffcfc1,https://rushhourplanner.com/?from=Long+Beach%2C+CA%2C+USA&exclude=true&to=West+Hills%2C+Los+Angeles%2C+CA%2C+USA,web,2026-04-10 21:03:24.865000+00:00
route_selected,019d7934-46f8-7b1e-8631-d806ddffcfc1,43348fc9-d40d-59fd-a535-2a704e31b716,019d7934-46f8-7b1e-8631-d806ddffcfc1,https://rushhourplanner.com/,web,2026-04-10 21:02:42.562000+00:00
route_selected,019d7932-d2c8-73b9-80d0-80defb48bea1,b82ef14a-2b90-5f15-b04a-12e266697552,019d7932-d2c8-73b9-80d0-80defb48bea1,https://rushhourplanner.com/?from=8031+La+Jolla+Scenic+Drive+North%2C+La+Jolla%2C+CA%2C+USA&exclude=true&to=LAX+airport+%28LAX%29%2C+World+Way%2C+Los+Angeles%2C+CA%2C+USA,web,2026-04-10 21:01:30.680000+00:00
route_selected,019d7932-d2c8-73b9-80d0-80defb48bea1,b82ef14a-2b90-5f15-b04a-12e266697552,019d7932-d2c8-73b9-80d0-80defb48bea1,https://rushhourplanner.com/?from=8031+La+Jolla+Scenic+Drive+North%2C+La+Jolla%2C+CA%2C+USA&exclude=true&to=La+Jolla%2C+San+Diego%2C+CA%2C+USA,web,2026-04-10 21:01:27.569000+00:00
route_selected,019d7932-d2c8-73b9-80d0-80defb48bea1,b82ef14a-2b90-5f15-b04a-12e266697552,019d7932-d2c8-73b9-80d0-80defb48bea1,https://rushhourplanner.com/,web,2026-04-10 21:01:07.236000+00:00
route_selected,019d792c-b0ed-7bba-b623-feadfa7df4aa,71e179d3-8d2f-5949-bdd8-c1ee88cfad41,019d792c-b0ed-7bba-b623-feadfa7df4aa,https://rushhourplanner.com/?from=2619+Wilshire+Boulevard%2C+Los+Angeles%2C+CA%2C+USA&exclude=true&to=4644+30th+Street%2C+San+Diego%2C+CA%2C+USA,web,2026-04-10 20:55:12.985000+00:00
route_selected,019d792c-b0ed-7bba-b623-feadfa7df4aa,71e179d3-8d2f-5949-bdd8-c1ee88cfad41,019d792c-b0ed-7bba-b623-feadfa7df4aa,https://rushhourplanner.com/?from=2619+Wilshire+Boulevard%2C+Los+Angeles%2C+CA%2C+USA&exclude=true&to=4644+West+30th+Street%2C+Los+Angeles%2C+CA%2C+USA,web,2026-04-10 20:54:56.372000+00:00
route_selected,019d792c-b0ed-7bba-b623-feadfa7df4aa,71e179d3-8d2f-5949-bdd8-c1ee88cfad41,019d792c-b0ed-7bba-b623-feadfa7df4aa,https://rushhourplanner.com/,web,2026-04-10 20:54:25.330000+00:00
route_selected,019d792a-6ea5-7216-ad71-2ab821f75757,f23900bf-0593-5512-a013-1ccfadb01f5f,019d792a-6ea5-7216-ad71-2ab821f75757,https://rushhourplanner.com/?exclude=true&from=970+Millie+Ave%2C+Menlo+Park%2C+CA%2C+USA&to=San+Jose%2C+CA%2C+USA,web,2026-04-10 20:52:14.542000+00:00
route_selected,019d792a-6ea5-7216-ad71-2ab821f75757,f23900bf-0593-5512-a013-1ccfadb01f5f,019d792a-6ea5-7216-ad71-2ab821f75757,https://rushhourplanner.com/,web,2026-04-10 20:51:57.302000+00:00
route_selected,019d7924-c6c3-7dc4-b822-e365625e5fa9,328f575f-8524-5123-b777-43455a344047,019d7924-c6c3-7dc4-b822-e365625e5fa9,https://rushhourplanner.com/,web,2026-04-10 20:45:46.687000+00:00
route_selected,019d6ac5-f7ad-7138-9840-b7118595e8dc,94744bd7-2365-522a-bad6-1d2f9e3ad90b,019d6ac5-f7ad-7138-9840-b7118595e8dc,https://rushhourplanner.com/,web,2026-04-10 20:31:46.669000+00:00
route_selected,019d790f-4c88-7b2b-8069-3461d7f5451e,330ecbd8-0e6a-59de-bb2c-9570ce85acc5,019d790f-4c88-7b2b-8069-3461d7f5451e,https://rushhourplanner.com/,web,2026-04-10 20:22:21.307000+00:00
route_selected,019d790c-7d85-7075-8994-ceb19702ea36,20c28869-1237-5aac-91f3-f7b7a77ab594,019d790c-7d85-7075-8994-ceb19702ea36,https://rushhourplanner.com/?from=7281+Periwinkle+Dr%2C+Macungie%2C+PA%2C+USA&exclude=true&to=1770+Stefko+Blvd%2C+Bethlehem%2C+PA%2C+USA,web,2026-04-10 20:19:24.350000+00:00
route_selected,019d790c-7d85-7075-8994-ceb19702ea36,20c28869-1237-5aac-91f3-f7b7a77ab594,019d790c-7d85-7075-8994-ceb19702ea36,https://rushhourplanner.com/,web,2026-04-10 20:19:14.993000+00:00
route_selected,019d7908-6901-72a5-a50c-05d29153e86f,18593ffd-305d-5488-a43f-15d32741fb17,019d7908-6901-72a5-a50c-05d29153e86f,https://rushhourplanner.com/?from=San+Jos%C3%A9+State+University%2C+Washington+Square%2C+San+Jose%2C+CA%2C+USA&exclude=true&to=Modesto%2C+CA%2C+USA,web,2026-04-10 20:15:03.871000+00:00
route_selected,019d7908-6901-72a5-a50c-05d29153e86f,18593ffd-305d-5488-a43f-15d32741fb17,019d7908-6901-72a5-a50c-05d29153e86f,https://rushhourplanner.com/,web,2026-04-10 20:14:47.616000+00:00
route_selected,019d382a-ff7b-7c90-a0c9-860e2048a89b,d838df7a-4a17-5072-8337-139744277c27,019d382a-ff7b-7c90-a0c9-860e2048a89b,https://rushhourplanner.com/?from=easyvet+Veterinarian+Frisco%2C+Stonebrook+Parkway%2C+Frisco%2C+TX%2C+USA&exclude=true&to=BAL+%28Berry+Appleman+%26+Leiden+LLP%29%2C+North+Glenville+Drive%2C+Richardson%2C+TX%2C+USA&depart=next-thursday,web,2026-04-10 20:08:57.821000+00:00
route_selected,019d382a-ff7b-7c90-a0c9-860e2048a89b,d838df7a-4a17-5072-8337-139744277c27,019d382a-ff7b-7c90-a0c9-860e2048a89b,"https://rushhourplanner.com/?from=easyvet+Veterinarian+Frisco,+Stonebrook+Parkway,+Frisco,+TX,+USA&exclude=true&to=BAL+(Berry+Appleman+%26+Leiden+LLP),+North+Glenville+Drive,+Richardson,+TX,+USA&depart=next-thursday",web,2026-04-10 20:08:57.097000+00:00
route_selected,019d78e9-71e0-75ed-a60b-d302ce311b16,8711cf79-34ab-5747-a906-7770a4057472,019d78e9-71e0-75ed-a60b-d302ce311b16,"https://rushhourplanner.com/?from=Palm+Springs,+CA,+USA&exclude=true&to=Hesperia,+CA,+USA",web,2026-04-10 20:07:27.831000+00:00
route_selected,019d78e9-71e0-75ed-a60b-d302ce311b16,8711cf79-34ab-5747-a906-7770a4057472,019d78e9-71e0-75ed-a60b-d302ce311b16,"https://rushhourplanner.com/?from=Palm+Springs,+CA,+USA&exclude=true&to=Hesperia,+CA,+USA",web,2026-04-10 20:07:26.135000+00:00
route_selected,019b8635-079a-7d22-82a6-fd316f789602,b73cdd7e-7271-5428-b06e-c8e2ddb554c5,019b8635-079a-7d22-82a6-fd316f789602,"https://rushhourplanner.com/?from=1144+Wright+Court,+Pomona,+CA,+USA&exclude=true&to=7136+Milton+Ave,+Hesperia,+CA,+USA",web,2026-04-10 20:01:56.383000+00:00
route_selected,019b8635-079a-7d22-82a6-fd316f789602,b73cdd7e-7271-5428-b06e-c8e2ddb554c5,019b8635-079a-7d22-82a6-fd316f789602,"https://rushhourplanner.com/?from=1144+Wright+Court,+Pomona,+CA,+USA&exclude=true&to=7136+Milton+Ave,+Hesperia,+CA,+USA",web,2026-04-10 20:01:54.579000+00:00
route_selected,019d78f6-dd4d-77af-88b1-b0fd6760232c,fd331949-57cc-5417-bccd-7d970701f7ba,019d78f6-dd4d-77af-88b1-b0fd6760232c,https://rushhourplanner.com/?utm_source=chatgpt.com,web,2026-04-10 19:55:55.530000+00:00
route_selected,019d78f6-dd4d-77af-88b1-b0fd6760232c,fd331949-57cc-5417-bccd-7d970701f7ba,019d78f6-dd4d-77af-88b1-b0fd6760232c,https://rushhourplanner.com/?utm_source=chatgpt.com,web,2026-04-10 19:55:38.126000+00:00
route_selected,019d78f3-cf3a-7d9e-9437-86e3036a729b,74364fb4-2a5d-5700-a1de-733d8edbf811,019d78f3-cf3a-7d9e-9437-86e3036a729b,"https://rushhourplanner.com/?exclude=true&from=Tacoma,+WA,+USA&to=Seattle,+WA,+USA",web,2026-04-10 19:54:46.169000+00:00
route_selected,019d78f3-cf3a-7d9e-9437-86e3036a729b,74364fb4-2a5d-5700-a1de-733d8edbf811,019d78f3-cf3a-7d9e-9437-86e3036a729b,"https://rushhourplanner.com/?exclude=true&from=Tacoma,+WA,+USA&to=Seattle,+WA,+USA",web,2026-04-10 19:54:45.039000+00:00
route_selected,019d78f3-cf3a-7d9e-9437-86e3036a729b,74364fb4-2a5d-5700-a1de-733d8edbf811,019d78f3-cf3a-7d9e-9437-86e3036a729b,https://rushhourplanner.com/?exclude=true&from=Tacoma%2C+WA%2C+USA&to=Seattle%2C+WA%2C+USA,web,2026-04-10 19:53:38.520000+00:00
route_selected,019d78f3-cf3a-7d9e-9437-86e3036a729b,74364fb4-2a5d-5700-a1de-733d8edbf811,019d78f3-cf3a-7d9e-9437-86e3036a729b,https://rushhourplanner.com/?exclude=true&from=Tacoma%2C+WA%2C+USA&to=Seattle%2C+WA%2C+USA&depart=tomorrow,web,2026-04-10 19:53:21.930000+00:00
route_selected,019d78f3-cf3a-7d9e-9437-86e3036a729b,74364fb4-2a5d-5700-a1de-733d8edbf811,019d78f3-cf3a-7d9e-9437-86e3036a729b,https://rushhourplanner.com/?exclude=true&from=Tacoma%2C+WA%2C+USA&to=Seattle%2C+WA%2C+USA,web,2026-04-10 19:52:34.580000+00:00
route_selected,019d78f3-cf3a-7d9e-9437-86e3036a729b,74364fb4-2a5d-5700-a1de-733d8edbf811,019d78f3-cf3a-7d9e-9437-86e3036a729b,https://rushhourplanner.com/,web,2026-04-10 19:52:18.357000+00:00
route_selected,019d769d-b0fa-7521-a409-9f250a1b52db,dde801d4-5878-5a49-9747-34c99682596d,019d769d-b0fa-7521-a409-9f250a1b52db,"https://rushhourplanner.com/?exclude=true&from=Mission+Viejo,+CA,+USA&to=Long+Beach,+CA,+USA",web,2026-04-10 19:47:40.514000+00:00
route_selected,019d769d-b0fa-7521-a409-9f250a1b52db,dde801d4-5878-5a49-9747-34c99682596d,019d769d-b0fa-7521-a409-9f250a1b52db,"https://rushhourplanner.com/?exclude=true&from=Mission+Viejo,+CA,+USA&to=Long+Beach,+CA,+USA",web,2026-04-10 19:47:39.154000+00:00
route_selected,019d3f92-42a6-7f9e-b70e-ee13e4e90c8a,17c8f9a7-9278-510b-bb02-5d3ab0504155,019d3f92-42a6-7f9e-b70e-ee13e4e90c8a,https://rushhourplanner.com/,web,2026-04-10 19:45:38.821000+00:00
route_selected,019d78e9-71e0-75ed-a60b-d302ce311b16,8711cf79-34ab-5747-a906-7770a4057472,019d78e9-71e0-75ed-a60b-d302ce311b16,https://rushhourplanner.com/?from=Palm+Springs%2C+CA%2C+USA&exclude=true&to=Hesperia%2C+CA%2C+USA,web,2026-04-10 19:41:13.490000+00:00
route_selected,019d78e9-71e0-75ed-a60b-d302ce311b16,8711cf79-34ab-5747-a906-7770a4057472,019d78e9-71e0-75ed-a60b-d302ce311b16,https://rushhourplanner.com/,web,2026-04-10 19:40:58.268000+00:00
route_selected,019d78e8-d588-76a7-8b66-a08b841fa00d,9e6ca277-0874-5a16-85fe-e77991d7ca56,019d78e8-d588-76a7-8b66-a08b841fa00d,https://rushhourplanner.com/?from=Berlin%2C+CT%2C+USA&exclude=true&to=Monroe%2C+CT%2C+USA,web,2026-04-10 19:40:29.711000+00:00
route_selected,019d78e8-d588-76a7-8b66-a08b841fa00d,9e6ca277-0874-5a16-85fe-e77991d7ca56,019d78e8-d588-76a7-8b66-a08b841fa00d,https://rushhourplanner.com/,web,2026-04-10 19:40:17.633000+00:00
route_selected,019d78d7-b68f-7c7f-ac3b-0a90cc3e5291,08271c13-f7aa-587f-8137-bd4256db1419,019d78d7-b68f-7c7f-ac3b-0a90cc3e5291,https://rushhourplanner.com/?exclude=true&from=6438+Willow+Bend+Drive%2C+Hamilton%2C+OH%2C+USA&to=Wendy%27s%2C+Tylersville+Road%2C+West+Chester+Township%2C+OH%2C+USA,web,2026-04-10 19:22:12.831000+00:00
route_selected,019d78d7-b68f-7c7f-ac3b-0a90cc3e5291,08271c13-f7aa-587f-8137-bd4256db1419,019d78d7-b68f-7c7f-ac3b-0a90cc3e5291,https://rushhourplanner.com/,web,2026-04-10 19:21:36.189000+00:00
route_selected,019d78d6-5f70-7250-b10d-62514308ce5f,f9131f8f-94d7-5b06-ae8c-12bc60b6acc8,019d78d6-5f70-7250-b10d-62514308ce5f,https://rushhourplanner.com/,web,2026-04-10 19:20:08.567000+00:00
route_selected,019d78cd-7f70-7702-8f26-9288af2a832f,946e152a-1631-51c5-bb3e-adcad6da4376,019d78cd-7f70-7702-8f26-9288af2a832f,https://rushhourplanner.com/?from=2809+Elkport+Street%2C+Lakewood%2C+CA%2C+USA&to=5070+Cascade+Way%2C+Oceanside%2C+CA%2C+USA,web,2026-04-10 19:12:57.965000+00:00
route_selected,019d78cd-e39a-72a2-925f-3ac624f83e44,d2c911e1-acb6-5b15-ab38-e7a8c90c77ea,019d78cd-e39a-72a2-925f-3ac624f83e44,https://rushhourplanner.com/?from=7119+Mason+Dells+Dr%2C+Dallas%2C+TX%2C+USA&exclude=true&to=2300+Henry+Parkway%2C+Flower+Mound%2C+TX%2C+USA,web,2026-04-10 19:12:06.397000+00:00
route_selected,019d78ce-46fe-7564-868a-381b2a0250d1,c3acebf1-6e22-5a53-abfa-60eb1b5975b5,019d78ce-46fe-7564-868a-381b2a0250d1,https://rushhourplanner.com/?from=Torrey+Pines+Golf+Course%2C+North+Torrey+Pines+Road%2C+La+Jolla%2C+CA%2C+USA&exclude=true&to=The+Crossings+at+Carlsbad%2C+The+Crossings+Drive%2C+Carlsbad%2C+CA%2C+USA,web,2026-04-10 19:11:35.402000+00:00
route_selected,019d78ce-46fe-7564-868a-381b2a0250d1,c3acebf1-6e22-5a53-abfa-60eb1b5975b5,019d78ce-46fe-7564-868a-381b2a0250d1,https://rushhourplanner.com/,web,2026-04-10 19:11:17.791000+00:00
route_selected,019d78cd-7f70-7702-8f26-9288af2a832f,946e152a-1631-51c5-bb3e-adcad6da4376,019d78cd-7f70-7702-8f26-9288af2a832f,https://rushhourplanner.com/?from=California+State+University%2C+Dominguez+Hills%2C+East+Victoria+Street%2C+Carson%2C+CA+90746%2C+United+States&exclude=true&to=2809+Elkport+Street%2C+Lakewood%2C+CA%2C+USA,web,2026-04-10 19:11:09.571000+00:00
route_selected,019d78cd-e39a-72a2-925f-3ac624f83e44,d2c911e1-acb6-5b15-ab38-e7a8c90c77ea,019d78cd-e39a-72a2-925f-3ac624f83e44,https://rushhourplanner.com/,web,2026-04-10 19:10:52.354000+00:00
route_selected,019d78cd-7f70-7702-8f26-9288af2a832f,946e152a-1631-51c5-bb3e-adcad6da4376,019d78cd-7f70-7702-8f26-9288af2a832f,https://rushhourplanner.com/,web,2026-04-10 19:10:26.784000+00:00
route_selected,019b2938-744e-70c6-9696-9398e6d1bcc7,a93b1ac8-779b-5279-be3d-db41f2465b51,019b2938-744e-70c6-9696-9398e6d1bcc7,"https://rushhourplanner.com/?from=132+glenway+street,+02121&exclude=true&to=Target,+Allstate+Road,+Dorchester,+MA,+USA",web,2026-04-10 19:06:28.546000+00:00
route_selected,019b2938-744e-70c6-9696-9398e6d1bcc7,a93b1ac8-779b-5279-be3d-db41f2465b51,019b2938-744e-70c6-9696-9398e6d1bcc7,"https://rushhourplanner.com/?from=132+glenway+street,+02121&exclude=true&to=Target,+Allstate+Road,+Dorchester,+MA,+USA",web,2026-04-10 19:06:26.103000+00:00
route_selected,019d78c4-250d-7f6e-a346-eadd60477040,fad1432b-332f-5eca-a668-cd4e105d3548,019d78c4-250d-7f6e-a346-eadd60477040,https://rushhourplanner.com/?to=Clermont%2C+FL%2C+USA&exclude=true&from=Orlando%2C+FL%2C+USA,web,2026-04-10 19:00:26.663000+00:00
route_selected,019d78c4-250d-7f6e-a346-eadd60477040,fad1432b-332f-5eca-a668-cd4e105d3548,019d78c4-250d-7f6e-a346-eadd60477040,https://rushhourplanner.com/,web,2026-04-10 19:00:13.755000+00:00
